date only,blabla,0,1,2,3,4,5,6,7,8,9,10,11,12,13,14,15,16,17,18,19,20,21,22,23
2015-02-21,1,1.34,0.8,0.23,0.21,0.22,0.2,0.2,0.44,0.47,0.68,0.42,0.28,0.17,0.17,0.31,0.19,0.19,0.19,0.21,0.45,0.42,0.4,0.51,0.46
2015-02-22,0,0.41,0.4,0.41,0.4,0.41,0.28,0.26,0.46,0.4,0.61,0.96,0.49,0.45,0.41,0.53,0.63,0.39,0.57,0.6,1.54,2.04,1.17,1.29,0.73
2015-02-23,1,0.38,0.29,0.22,0.21,0.19,0.34,0.41,0.91,0.29,0.28,0.73,0.2,0.23,0.23,0.27,0.75,0.42,0.49,0.69,0.65,1.42,1.0,0.77,0.82
2015-02-24,1,0.58,0.32,0.21,0.18,0.17,0.3,0.37,0.55,0.43,0.29,0.34,0.43,0.61,0.32,0.44,0.59,0.5,1.84,0.72,0.7,2.47,0.9,1.38,0.9
2015-02-26,1,1.43,0.26,0.25,0.25,0.2,0.24,0.34,0.57,0.81,0.21,0.3,0.29,0.26,0.7,0.45,0.48,0.6,0.59,0.59,0.65,0.88,1.58,1.27,1.15
2015-02-27,1,0.69,0.29,0.21,0.19,0.2,0.18,0.35,0.8,0.58,0.37,0.42,0.25,0.27,0.19,0.19,0.26,0.23,0.22,0.46,0.88,0.41,0.94,1.21,0.9
2015-02-28,1,0.67,0.21,0.22,0.23,0.23,0.23,0.32,0.46,0.65,2.56,0.46,0.19,0.25,0.16,0.2,0.22,0.22,1.04,1.24,0.67,0.41,0.5,0.83,0.55
2015-03-01,0,0.29,0.25,0.25,0.23,0.26,0.3,0.26,0.49,0.83,0.64,1.36,0.51,0.34,0.33,0.35,0.43,0.45,1.78,2.21,1.24,1.67,3.44,1.67,2.04
2015-03-02,1,1.72,0.34,0.26,0.2,0.17,0.28,0.4,0.66,0.68,0.47,0.39,0.4,0.37,0.36,0.39,0.42,0.44,0.39,0.39,0.56,0.82,0.97,1.15,0.84
2015-03-04,1,0.2,0.19,0.19,0.2,0.19,0.23,0.38,0.8,0.51,0.52,0.17,0.22,0.25,0.19,0.18,0.47,0.5,0.74,0.9,1.23,1.02,1.8,1.99,1.68
2015-03-05,1,0.77,0.2,0.19,0.18,0.18,0.21,0.34,1.28,1.12,0.2,0.19,0.25,0.19,0.2,0.19,0.27,0.23,0.23,0.2,0.22,0.73,0.92,1.17,1.31
2015-03-06,1,0.22,0.19,0.19,0.2,0.19,0.19,0.4,0.71,0.84,0.37,0.24,0.24,0.24,0.23,0.24,0.36,0.27,0.26,0.26,0.26,0.27,0.41,0.95,0.71
2015-03-07,0,0.29,0.2,0.21,0.19,0.19,0.2,0.25,0.43,0.45,0.4,1.57,1.42,1.04,0.5,0.91,1.63,0.45,1.29,1.89,3.23,1.49,1.84,0.94,0.85
2015-03-09,1,0.24,0.28,0.28,0.28,0.25,0.24,0.35,0.93,1.11,0.22,0.22,0.3,0.28,0.23,0.28,0.23,0.21,0.22,0.23,0.27,0.4,0.78,0.78,0.96
2015-03-10,1,0.74,0.24,0.29,0.32,0.22,0.31,0.42,0.43,0.64,0.6,0.34,0.4,0.64,0.43,0.46,0.55,0.45,0.45,0.53,2.35,1.33,1.48,1.14,1.04
2015-03-11,1,0.61,0.25,0.27,0.21,0.29,0.3,0.23,0.39,0.87,0.46,0.2,0.22,0.23,0.22,0.2,0.25,0.25,0.21,0.31,1.08,0.83,0.99,0.97,1.28
2015-03-13,1,0.29,0.24,0.2,0.19,0.2,0.21,0.77,0.86,1.08,0.71,0.82,0.57,0.48,0.58,0.58,0.84,0.58,0.47,1.47,0.54,0.33,0.69,0.83,0.42
2015-03-14,0,0.25,0.25,0.23,0.25,0.25,0.25,0.26,0.26,0.25,0.35,0.55,0.21,0.26,0.3,0.38,0.41,1.06,2.86,2.38,0.74,0.55,0.87,0.95,0.76
2015-03-15,0,0.59,0.3,0.36,0.23,0.23,0.24,0.23,0.33,0.31,0.51,0.89,0.9,0.47,0.34,1.47,2.54,1.86,1.67,1.94,1.34,1.15,1.08,0.79,0.42
2015-03-16,1,0.18,0.24,0.26,0.23,0.22,0.25,0.52,0.71,0.62,0.17,0.2,0.16,0.19,0.24,0.2,0.32,0.52,0.69,0.42,0.61,1.16,1.14,0.83,0.71
2015-03-18,1,1.39,0.18,0.19,0.19,0.21,0.19,0.24,0.78,1.55,1.81,0.21,0.21,0.18,0.18,0.19,0.26,0.2,0.18,0.23,0.3,0.88,0.58,1.37,2.25
2015-03-19,1,0.52,0.16,0.27,0.25,0.2,0.19,0.2,0.71,0.88,0.28,0.2,0.21,0.19,0.19,0.21,0.5,0.55,0.45,0.61,0.77,1.06,1.48,1.15,1.4
2015-03-20,1,0.49,0.36,0.36,0.24,0.19,0.19,0.32,0.74,1.36,0.25,0.21,0.2,0.18,0.19,0.18,0.34,0.25,0.24,0.23,0.22,0.55,0.68,0.67,0.72
2015-03-21,1,0.44,0.17,0.22,0.21,0.17,0.28,0.19,0.36,0.26,0.25,0.38,0.43,0.56,0.22,0.4,0.28,0.25,0.21,0.45,2.08,2.18,1.37,0.68,0.82
2015-03-22,0,0.57,0.24,0.19,0.19,0.19,0.2,0.19,0.34,0.26,0.48,0.91,0.41,0.62,0.55,1.05,0.58,0.61,2.18,2.42,2.34,1.28,1.19,1.0,0.8
2015-03-23,1,0.31,0.23,0.2,0.18,0.2,0.25,0.45,0.83,0.69,0.17,0.19,0.22,0.22,0.18,0.19,0.4,0.51,0.49,0.92,0.89,2.36,1.56,1.21,0.81
2015-03-24,1,0.24,0.26,0.18,0.19,0.19,0.22,0.42,0.91,0.51,0.21,0.21,0.21,0.18,0.18,0.2,0.29,0.58,0.71,0.62,0.89,2.26,1.29,1.16,1.26
2015-03-27,1,0.93,0.17,0.24,0.19,0.21,0.23,0.23,0.72,0.45,0.44,0.23,0.18,0.19,0.25,0.2,0.22,0.35,0.21,0.21,0.54,0.45,0.4,0.8,0.71
2015-03-30,1,0.43,0.22,0.2,0.19,0.21,0.21,0.39,0.84,0.6,0.21,0.2,0.18,0.2,0.2,0.21,0.38,0.47,0.29,1.36,1.63,1.87,1.31,1.29,1.27
2015-03-31,1,0.86,0.7,0.24,0.23,0.21,0.2,0.3,0.71,0.53,0.18,0.54,0.31,0.3,0.29,0.31,0.27,0.32,0.19,0.19,0.55,0.59,0.91,0.81,0.56
2015-04-02,1,1.39,0.22,0.21,0.17,0.28,0.21,0.27,0.87,1.21,0.4,0.21,0.19,0.16,0.22,0.21,0.36,0.25,0.23,0.21,0.21,0.23,0.44,0.62,0.44
2015-04-03,0,0.22,0.22,0.2,0.25,0.22,0.22,0.36,0.29,0.79,0.48,0.73,0.62,0.66,0.71,0.6,0.76,0.92,2.56,0.6,0.7,0.57,0.48,0.67,2.0
2015-04-04,1,0.31,0.25,0.25,0.22,0.22,0.23,0.27,0.47,0.39,0.51,0.53,0.38,0.25,0.34,0.45,0.3,0.46,0.3,0.24,0.23,1.04,1.1,1.02,0.69
2015-04-06,0,0.81,0.24,0.18,0.22,0.24,0.22,0.38,0.29,0.25,0.29,0.52,0.82,0.92,0.44,0.42,0.67,0.51,0.94,1.85,1.25,1.7,1.04,0.91,2.1
2015-04-07,1,0.25,0.19,0.21,0.23,0.21,0.25,0.36,0.63,0.6,0.18,0.2,0.21,0.3,0.19,0.23,0.24,0.59,0.33,0.36,0.83,1.16,1.55,0.85,0.92
2015-04-10,1,1.61,0.24,0.25,0.19,0.19,0.19,0.41,0.72,0.9,0.43,0.39,0.29,0.26,0.32,0.3,0.43,0.27,0.26,0.21,0.98,0.63,0.78,0.65,0.47
2015-04-12,0,0.48,0.19,0.33,0.24,0.18,0.2,0.21,0.37,0.46,1.31,0.82,0.59,0.54,0.4,0.21,0.85,0.82,0.78,2.32,1.92,1.72,3.97,2.61,1.42
2015-04-14,1,0.45,0.2,0.21,0.2,0.19,0.27,0.34,0.89,0.35,0.18,0.19,0.18,0.18,0.18,0.2,0.28,0.21,0.21,0.19,0.32,1.14,1.27,1.18,0.86
2015-04-15,1,0.29,0.28,0.22,0.2,0.2,0.26,0.43,0.76,0.46,0.27,0.17,0.21,0.19,0.2,0.19,0.53,0.61,0.5,0.5,0.48,1.22,1.33,1.71,2.57
2015-04-16,1,0.41,0.23,0.21,0.27,0.19,0.2,0.37,0.58,1.49,0.39,0.18,0.21,0.18,0.2,0.21,0.65,0.57,0.62,0.52,0.91,1.75,1.21,1.19,1.09
2015-04-17,1,0.31,0.39,0.3,0.27,0.2,0.2,0.32,0.63,0.85,0.94,1.6,0.46,0.24,0.96,1.5,0.28,0.18,0.2,0.19,0.27,0.81,0.6,0.48,0.31
2015-04-18,0,0.21,0.21,0.2,0.2,0.2,0.3,0.22,0.35,0.26,0.36,1.93,0.59,0.32,0.34,0.31,0.39,0.62,0.5,1.66,2.0,1.06,1.04,0.67,0.77
2015-04-19,1,0.38,0.42,0.23,0.23,0.23,0.22,0.2,0.3,0.33,0.32,0.75,0.49,0.33,0.29,0.26,0.32,0.87,0.77,0.74,1.48,1.18,1.27,1.23,1.84
2015-04-21,1,1.25,0.78,1.17,0.88,0.83,1.17,0.8,1.67,1.14,0.6,0.21,0.19,0.2,0.18,0.19,0.5,0.46,0.36,0.6,1.57,1.31,1.1,0.98,0.59
2015-04-22,1,0.22,0.21,0.21,0.2,0.2,0.2,0.41,0.74,0.63,0.38,0.29,0.19,0.21,0.2,0.21,0.25,0.43,0.4,0.47,0.71,1.83,1.07,0.97,0.52
2015-04-23,1,0.43,0.22,0.22,0.19,0.2,0.19,0.23,0.76,0.85,0.25,0.19,0.19,0.19,0.18,0.21,0.65,0.53,0.44,0.46,0.72,0.89,1.58,1.33,1.09
2015-04-24,1,0.68,0.23,0.19,0.18,0.19,0.26,0.49,1.06,1.11,0.28,0.16,0.17,0.31,0.19,0.18,0.37,0.28,0.27,0.39,0.84,0.92,1.17,1.07,0.43
2015-04-25,1,0.25,0.28,0.22,0.23,0.23,0.22,0.23,0.42,0.44,0.65,0.24,0.25,0.31,0.57,0.29,0.33,0.41,0.31,1.21,1.75,1.17,1.34,0.95,0.62
2015-04-26,0,0.35,0.24,0.22,0.23,0.22,0.23,0.23,0.47,0.44,0.54,1.78,1.96,0.48,0.53,0.53,0.39,0.65,0.62,2.3,0.67,2.14,1.78,2.06,1.7
2015-04-27,1,1.2,0.21,0.2,0.19,0.19,0.19,0.37,3.32,1.49,0.44,0.21,0.21,0.18,0.19,0.19,0.26,0.61,0.45,0.52,0.45,0.42,1.84,1.15,1.13
2015-04-28,1,1.04,0.43,0.28,0.21,0.18,0.29,0.34,0.54,0.43,0.17,0.2,0.2,0.19,0.21,0.33,0.36,0.3,0.48,0.41,0.93,0.98,1.64,1.24,1.05
2015-04-29,1,0.21,0.2,0.24,0.2,0.19,0.2,0.56,0.52,0.38,0.2,0.25,0.23,0.2,0.4,0.2,0.26,0.37,0.52,0.76,0.89,1.14,0.87,0.79,0.85
2015-04-30,0,0.34,0.22,0.23,0.2,0.19,0.19,0.36,0.52,0.35,0.28,0.66,0.97,0.82,0.69,0.32,0.46,0.87,1.23,2.19,0.9,0.75,2.51,2.23,1.38
2015-05-02,0,0.47,0.2,0.19,0.2,0.19,0.19,0.24,0.36,0.26,0.4,0.23,0.33,0.31,0.21,0.35,0.54,0.28,0.95,1.9,2.68,1.9,1.04,1.43,0.79
2015-05-03,0,0.74,0.3,0.21,0.22,0.23,0.23,0.23,0.37,0.53,0.67,0.52,0.63,2.12,1.13,0.43,0.35,0.38,0.77,1.0,1.24,0.89,1.14,2.14,0.87
2015-05-05,1,0.23,0.22,0.22,0.18,0.18,0.19,0.49,0.77,0.22,0.19,0.3,0.19,0.18,0.24,0.32,0.44,0.38,0.33,0.34,1.02,0.83,0.92,0.93,0.89
2015-05-06,1,0.46,0.22,0.21,0.2,0.19,0.23,0.34,0.61,0.66,0.24,0.2,0.2,0.2,0.19,0.18,0.2,0.22,0.18,0.31,0.31,0.69,0.66,0.85,0.67
2015-05-07,1,0.3,0.19,0.2,0.2,0.2,0.19,0.36,0.85,0.4,0.39,0.25,0.17,0.29,0.19,0.18,0.26,0.55,0.54,0.35,0.33,0.58,0.75,0.85,1.08
2015-05-09,1,0.21,0.21,0.2,0.19,0.19,0.19,0.19,0.27,0.32,0.37,0.27,0.24,0.22,0.3,0.61,0.33,0.33,0.45,0.64,1.35,1.16,0.58,0.58,0.61
2015-05-10,0,0.67,0.39,0.33,0.25,0.22,0.22,0.21,0.24,0.32,2.1,0.47,1.5,0.92,1.71,1.44,1.52,1.37,1.22,1.52,1.27,1.48,1.19,1.92,1.42
2015-05-11,1,0.68,0.26,0.24,0.24,0.23,0.23,0.43,1.07,0.51,0.25,0.21,0.24,0.26,0.18,0.18,0.2,0.5,0.48,0.53,0.52,0.45,1.98,1.04,0.96
2015-05-12,1,0.28,0.24,0.22,0.19,0.19,0.23,0.22,0.57,0.41,0.48,0.18,0.2,0.22,0.2,0.19,0.19,0.57,0.39,0.47,1.35,0.86,1.4,1.9,1.4
2015-05-14,1,0.84,0.35,0.2,0.19,0.2,0.19,0.21,0.65,0.62,0.3,0.22,0.18,0.19,0.18,0.32,0.38,0.37,0.31,0.4,0.3,0.38,2.37,1.85,0.58
2015-05-15,1,0.4,0.2,0.21,0.2,0.19,0.21,0.4,0.52,0.67,1.38,0.16,0.19,0.2,0.18,0.26,0.21,0.2,0.19,0.24,0.31,2.8,0.73,0.68,0.96
2015-05-16,1,0.36,0.31,0.27,0.28,0.27,0.27,0.29,0.47,0.45,0.63,0.33,0.36,0.38,0.48,0.56,0.53,0.45,0.18,0.2,0.29,0.4,1.81,0.92,0.9
2015-05-17,1,1.02,0.46,0.2,0.2,0.19,0.43,0.36,0.27,0.37,0.58,0.52,0.32,0.71,0.55,0.25,0.31,0.29,0.33,0.88,0.53,0.63,0.55,0.6,0.68
2015-05-18,1,0.32,0.26,0.22,0.24,0.26,0.24,0.21,0.22,0.28,0.58,0.45,0.43,0.25,0.37,0.71,0.9,1.07,1.22,0.59,0.31,0.27,0.62,0.95,0.8
2015-05-19,1,0.23,0.23,0.25,0.23,0.23,0.24,0.29,0.91,2.11,0.32,0.2,0.17,0.21,0.19,0.2,0.24,0.24,0.36,0.4,0.44,0.47,0.69,0.86,0.6
2015-05-20,1,0.49,1.01,0.23,0.2,0.2,0.19,0.25,0.75,0.62,0.29,0.2,0.21,0.26,0.2,0.2,0.19,0.21,0.3,1.03,0.92,1.42,1.58,1.1,1.06
2015-05-23,1,0.4,0.44,0.45,0.27,0.2,0.2,0.25,0.31,0.24,0.37,1.08,0.41,0.2,0.2,0.19,0.21,0.39,1.16,0.73,0.55,1.17,0.59,1.16,1.95
2015-05-24,0,2.5,0.29,0.4,0.22,0.21,0.22,0.22,0.25,0.25,0.3,0.47,0.35,1.12,0.65,0.72,0.63,0.37,0.44,2.01,1.76,1.31,1.51,1.44,1.67
2015-05-25,1,1.47,0.2,0.23,0.22,0.2,0.19,0.32,2.07,0.96,0.45,0.19,0.2,0.19,0.21,0.22,0.23,0.22,0.19,0.57,0.69,0.81,0.88,0.97,0.67
2015-05-26,1,0.37,0.21,0.22,0.22,0.19,0.18,0.21,0.71,0.62,0.26,0.22,0.2,0.25,0.29,0.21,0.2,0.19,0.19,0.26,0.32,0.32,0.59,0.72,1.04
2015-05-28,1,0.28,0.18,0.2,0.22,0.22,0.2,0.18,0.35,0.53,0.45,0.24,0.21,0.19,0.19,0.23,0.21,0.18,0.21,0.24,0.33,0.5,0.89,0.77,0.75
2015-05-29,1,0.3,0.24,0.23,0.24,0.35,0.23,0.3,0.61,0.49,0.66,0.45,0.55,0.47,2.02,1.03,1.54,1.4,0.36,1.56,0.23,0.22,0.27,0.41,0.23
2015-05-31,1,0.34,0.23,0.26,0.22,0.22,0.24,0.22,0.22,0.24,0.27,0.27,0.25,0.44,0.24,0.21,0.21,0.3,1.99,0.88,0.69,1.26,1.34,1.38,1.92
2015-06-01,0,1.48,0.87,0.57,0.54,0.66,0.51,0.68,0.99,0.86,0.62,0.56,0.62,0.61,0.5,0.54,0.55,0.57,1.17,0.7,1.11,1.03,1.13,1.32,1.05
2015-06-02,1,0.58,0.51,0.61,0.55,0.54,0.53,0.61,0.97,0.22,0.21,0.2,0.19,0.19,0.2,0.2,0.22,0.23,0.57,0.61,0.81,0.59,0.83,1.27,1.54
2015-06-04,1,0.24,0.21,0.19,0.2,0.2,0.2,0.24,0.62,0.71,0.47,0.2,0.19,0.18,0.19,0.23,0.25,0.23,0.19,0.19,0.37,0.7,0.33,0.75,1.01
2015-06-06,1,0.24,0.23,0.24,0.23,0.24,0.23,0.24,0.23,0.35,0.35,0.25,0.17,0.24,0.24,0.4,0.3,0.29,0.34,0.4,0.76,0.39,0.45,0.53,0.55
2015-06-07,1,0.6,0.28,0.2,0.22,0.31,0.22,0.25,0.21,0.3,0.33,0.21,0.21,0.26,0.44,0.27,0.24,0.32,1.71,1.42,0.61,1.19,0.87,1.95,0.89
2015-06-08,1,1.0,0.26,0.24,0.25,0.23,0.23,0.25,0.68,0.48,0.25,0.18,0.21,0.2,0.2,0.21,0.21,0.28,0.2,0.19,0.27,0.66,0.65,0.79,0.71
2015-06-09,1,0.29,0.2,0.2,0.22,0.21,0.2,0.26,0.63,0.45,0.16,0.24,0.19,0.32,0.24,0.26,0.19,0.28,0.2,0.2,0.59,0.3,0.32,0.77,0.65
2015-06-10,1,0.24,0.2,0.2,0.18,0.29,0.21,0.21,0.7,0.47,0.21,0.23,0.19,0.19,0.2,0.19,0.19,0.2,0.23,0.99,1.59,0.88,0.82,0.98,0.74
2015-06-11,1,0.36,0.2,0.2,0.21,0.19,0.19,0.27,0.53,0.62,0.31,0.2,0.19,0.2,0.19,0.19,0.2,0.19,0.19,0.19,0.58,0.3,0.39,1.08,1.36
2015-06-12,1,0.28,0.22,0.21,0.2,0.2,0.2,0.42,0.4,0.59,0.31,0.2,0.2,0.19,0.19,0.21,0.19,0.19,0.2,0.22,0.28,0.23,0.36,0.77,0.76
2015-06-13,1,0.61,0.22,0.23,0.21,0.21,0.22,0.21,0.39,0.5,0.43,0.35,0.36,0.23,0.23,0.19,0.2,0.63,0.91,1.43,0.57,0.55,0.78,0.58,0.55
2015-06-14,0,0.32,0.3,0.36,0.28,0.21,0.22,0.19,0.27,0.47,0.71,0.57,0.52,0.21,2.14,1.56,0.32,0.17,0.57,1.47,1.49,1.33,1.14,2.74,1.7
2015-06-15,1,0.39,0.2,0.24,0.21,0.21,0.21,0.25,0.62,0.56,0.22,0.22,0.22,0.19,0.19,0.19,0.19,0.22,0.21,0.38,0.38,0.61,0.65,0.87,0.73
2015-06-17,1,0.46,0.2,0.21,0.2,0.2,0.22,0.31,0.45,1.37,0.35,0.21,0.22,0.2,0.19,0.18,0.2,0.22,0.2,0.2,0.21,0.35,0.81,0.87,1.28
2015-06-18,1,0.39,0.25,0.21,0.2,0.2,0.19,0.5,0.53,0.45,0.32,0.17,0.2,0.21,0.2,0.2,0.21,0.19,0.18,0.22,0.35,0.61,0.79,0.65,0.7
2015-06-20,1,0.25,0.23,0.22,0.23,0.25,0.24,0.22,0.24,0.91,1.04,0.18,0.2,0.3,0.17,0.35,0.64,0.82,0.98,1.48,0.63,0.4,0.43,1.25,0.64
2015-06-21,0,0.61,0.63,0.62,0.55,0.52,0.52,0.25,0.21,0.27,1.43,1.55,0.5,0.2,0.26,0.23,0.21,0.23,0.41,0.88,1.44,0.55,0.38,0.93,1.02
2015-06-22,1,0.82,0.2,0.21,0.22,0.21,0.19,0.3,0.48,0.52,0.38,0.19,0.18,0.19,0.21,0.21,0.25,0.28,0.19,0.73,1.67,1.14,1.25,1.08,1.31
2015-06-24,1,0.38,0.21,0.19,0.21,0.2,0.22,0.38,0.49,0.51,0.22,0.2,0.24,0.19,0.19,0.2,0.19,0.2,0.21,0.2,0.35,0.3,0.98,1.4,0.37
2015-06-25,1,0.17,0.26,0.2,0.2,0.2,0.19,0.32,0.67,0.86,0.3,0.2,0.33,0.3,0.17,0.22,0.25,0.2,0.2,0.17,0.27,0.37,0.31,0.45,0.59
2015-06-26,1,0.5,0.24,0.23,0.23,0.24,0.23,0.24,0.35,0.56,0.23,0.23,0.19,0.2,0.2,0.22,0.21,0.21,0.22,0.28,0.56,0.39,0.28,0.99,0.78
2015-06-27,1,2.42,0.22,0.24,0.26,0.22,0.24,0.22,0.22,0.38,0.19,0.29,0.28,0.21,0.58,0.84,0.52,0.47,0.91,0.91,0.35,0.41,0.58,0.52,0.97
2015-06-28,1,0.68,0.2,0.3,0.23,0.29,0.22,0.23,0.27,0.61,0.58,0.86,1.06,0.45,0.24,0.48,0.29,0.3,0.37,0.59,1.09,2.35,0.91,1.54,1.08
2015-06-29,1,0.35,0.24,0.32,0.33,0.29,0.4,0.5,0.46,0.61,0.37,0.24,0.29,0.39,0.39,0.41,0.31,0.3,0.24,0.51,0.89,1.23,0.68,0.8,0.76
2015-06-30,1,0.39,0.32,0.32,0.33,0.32,0.34,0.48,0.6,0.42,0.4,0.29,0.21,0.3,0.28,0.22,0.27,0.21,0.21,1.52,0.41,0.3,0.45,0.63,0.66
2015-07-01,0,0.38,0.27,0.2,0.29,0.25,0.23,0.29,0.23,0.22,0.42,0.24,0.27,0.41,0.2,0.19,0.2,0.58,1.76,1.78,1.22,1.08,1.65,3.08,1.59
2015-07-02,1,1.36,0.31,0.26,0.26,0.26,0.25,0.47,0.75,0.84,0.41,0.25,0.31,0.31,0.25,0.26,0.29,0.25,0.2,0.28,0.4,0.35,0.26,0.59,0.85
2015-07-03,1,0.47,0.24,0.21,0.2,0.25,0.24,0.24,0.31,0.39,0.33,0.16,0.2,0.24,0.21,0.2,0.18,0.2,0.2,0.57,0.29,0.24,0.52,0.66,0.63
2015-07-04,1,1.46,0.17,0.17,0.17,0.17,0.17,0.16,0.21,0.44,0.41,0.2,0.21,0.18,0.24,0.34,0.23,0.29,1.29,1.79,0.28,0.24,0.18,0.45,0.46
2015-07-05,0,0.26,0.32,0.23,0.29,0.27,0.26,0.26,0.25,0.26,0.35,0.46,0.32,0.39,1.04,0.89,1.29,0.6,1.47,1.78,0.93,0.57,1.11,1.02,0.53
2015-07-06,1,0.34,0.32,0.21,0.31,0.23,0.35,0.61,0.47,0.54,0.23,0.2,0.22,0.23,0.19,0.2,0.19,0.19,0.23,0.33,0.37,0.58,0.95,0.88,0.61
2015-07-07,1,0.27,0.32,0.29,0.24,0.22,0.23,0.35,0.48,0.4,0.26,0.17,0.21,0.25,0.33,0.27,0.16,0.24,0.21,0.21,0.94,0.94,0.7,0.81,0.59
2015-07-08,1,0.36,0.21,0.25,0.3,0.22,0.22,0.32,0.54,0.35,0.47,0.29,0.2,0.18,0.21,0.22,0.21,0.2,0.18,0.19,0.65,0.29,0.3,0.45,0.62
2015-07-09,1,0.23,0.23,0.32,0.26,0.27,0.23,0.22,0.62,0.33,0.19,0.43,0.17,0.24,0.2,0.19,0.22,0.22,0.21,0.46,0.46,0.26,0.28,0.82,0.64
2015-07-11,0,0.22,0.2,0.22,0.21,0.2,0.21,0.29,0.3,0.23,0.23,0.48,0.3,0.36,0.21,0.21,1.15,0.73,1.12,2.04,1.72,1.32,1.04,1.24,2.64
2015-07-12,0,0.64,0.18,0.23,0.23,0.19,0.2,0.19,0.19,0.33,0.49,1.87,0.95,0.92,0.46,0.3,0.26,0.21,0.19,0.19,0.2,0.63,1.98,1.26,1.01
2015-07-13,1,0.95,0.21,0.19,0.21,0.21,0.22,0.2,1.17,0.48,0.29,0.19,0.31,0.19,0.18,0.45,0.28,0.21,0.2,0.5,0.96,0.78,1.63,1.04,1.05
2015-07-14,1,0.44,0.24,0.19,0.22,0.22,0.27,0.32,0.33,0.42,0.16,0.2,0.27,0.42,0.2,0.23,0.22,0.18,0.2,0.19,0.49,0.32,0.29,1.14,0.67
2015-07-16,1,0.19,0.28,0.19,0.2,0.23,0.24,0.46,0.34,0.83,0.23,0.2,0.2,0.21,0.23,0.24,0.22,0.2,0.19,0.19,0.31,0.4,0.47,0.9,1.39
2015-07-17,1,1.69,0.26,0.2,0.18,0.2,0.26,0.39,1.12,0.58,0.28,0.22,0.19,0.19,0.21,0.23,0.2,0.18,0.19,0.31,0.19,0.55,0.48,0.6,0.36
2015-07-19,1,0.66,0.23,0.26,0.26,0.22,0.22,0.26,0.24,0.31,0.32,0.28,0.21,0.22,0.25,0.27,0.32,0.32,0.62,0.89,1.17,0.71,0.85,1.01,0.72
2015-07-20,1,0.34,0.47,0.44,0.52,0.45,0.59,0.8,1.28,1.0,0.54,0.39,0.5,0.49,0.47,0.65,0.39,1.51,0.68,1.43,0.82,0.28,0.78,0.95,0.67
2015-07-21,1,0.63,0.31,0.27,0.26,0.29,0.28,0.5,0.61,0.55,0.66,0.37,0.19,0.28,0.18,0.25,0.28,0.34,0.31,0.33,1.37,1.92,0.86,1.02,0.97
2015-07-22,1,0.58,0.44,0.4,0.24,0.24,0.25,0.31,0.54,0.7,0.39,0.71,0.48,1.17,0.3,0.34,0.39,0.27,0.64,1.97,0.87,0.68,0.77,0.74,0.64
2015-07-23,1,0.51,0.46,0.28,0.26,0.25,0.24,0.24,0.38,0.48,0.2,0.37,0.24,0.18,0.23,0.29,0.22,0.3,0.39,0.41,0.28,0.27,0.21,0.27,0.28
2015-07-24,1,0.26,0.19,0.2,0.21,0.19,0.19,0.2,0.22,0.44,0.52,0.6,0.55,0.86,0.57,0.6,0.55,0.32,0.3,0.59,0.6,0.89,0.88,0.81,0.89
2015-07-25,1,0.69,0.77,0.22,0.22,0.23,0.24,0.36,0.3,0.36,0.39,0.29,0.24,0.29,0.23,0.18,0.22,0.32,0.2,0.36,1.07,0.44,0.53,0.88,2.34
2015-07-26,0,0.86,0.25,0.21,0.19,0.2,0.21,0.19,0.19,0.2,0.82,0.59,0.9,0.63,1.84,1.1,0.77,0.24,1.02,1.32,2.16,1.35,0.95,0.85,1.34
2015-07-27,1,0.5,0.43,0.43,0.4,0.29,0.21,0.32,0.58,0.47,0.41,0.43,0.64,0.39,0.56,0.2,0.36,0.47,0.49,0.36,0.46,1.34,1.05,0.89,0.83
2015-07-28,1,0.38,0.29,0.22,0.2,0.21,0.19,0.22,0.63,0.49,0.32,0.22,0.49,0.26,0.23,0.19,0.23,0.34,0.85,0.49,0.44,0.58,0.89,0.95,0.35
2015-07-30,1,0.38,0.25,0.35,0.32,0.27,0.25,0.3,0.59,0.77,0.92,0.69,0.57,0.74,0.37,0.26,0.3,0.52,0.74,1.34,0.57,0.49,0.51,0.65,1.15
2015-07-31,1,1.13,0.24,0.24,0.27,0.25,0.22,0.3,0.73,0.53,0.53,0.43,0.3,0.42,0.35,0.3,0.82,0.46,0.33,0.29,0.44,0.4,0.47,0.65,0.33
2015-08-01,1,0.3,0.26,0.23,0.23,0.24,0.23,0.25,0.26,0.23,0.45,0.34,0.23,0.22,0.21,0.31,0.36,0.26,0.79,0.56,0.59,0.27,0.53,0.83,0.86
2015-08-02,0,0.72,0.29,0.27,0.26,0.22,0.22,0.22,0.36,0.2,0.39,0.38,0.69,1.32,0.16,0.27,1.26,0.7,0.65,2.2,0.65,0.73,0.61,0.87,1.18
2015-08-03,1,1.07,1.1,0.82,0.26,0.26,0.27,0.31,0.32,0.3,0.35,0.55,0.79,0.38,0.43,0.38,0.4,0.28,0.85,1.2,0.68,0.68,0.62,1.3,0.82
2015-08-04,1,0.29,0.24,0.35,0.3,0.2,0.27,0.39,0.59,0.49,0.28,0.27,0.22,0.2,0.25,0.34,0.3,0.26,0.22,0.24,0.41,0.43,0.41,0.43,0.79
2015-08-05,1,0.65,0.25,0.21,0.21,0.32,0.21,0.21,0.23,0.64,0.4,0.21,0.22,0.22,0.2,0.19,0.21,0.58,0.31,0.22,0.32,1.03,1.52,1.88,1.87
2015-08-06,1,1.43,0.21,0.29,0.24,0.24,0.25,0.43,0.98,0.76,0.46,0.25,0.26,0.22,0.21,0.26,0.28,0.29,0.2,0.29,0.39,0.83,1.68,2.78,2.04
2015-08-08,1,0.21,0.2,0.19,0.19,0.21,0.23,0.22,0.2,0.18,0.26,0.26,0.3,0.73,0.56,0.56,0.35,0.48,0.6,1.01,0.74,1.0,1.02,0.98,0.9
2015-08-09,1,0.96,1.1,0.31,0.24,0.34,0.27,0.27,0.29,0.32,0.26,0.69,0.55,0.43,0.19,0.3,0.17,0.25,0.17,0.2,0.25,0.23,0.92,0.92,0.88
2015-08-10,0,0.47,0.44,0.34,0.17,0.26,0.23,0.37,0.38,0.4,0.45,0.86,0.94,1.07,0.96,0.21,0.27,0.27,0.94,1.9,0.77,0.46,0.81,1.46,0.27
2015-08-11,1,0.19,0.27,0.2,0.2,0.24,0.2,0.26,0.63,0.44,0.17,0.2,0.3,0.2,0.22,0.35,0.25,0.32,0.26,0.37,0.86,0.58,0.72,1.6,0.71
2015-08-12,1,0.29,0.26,0.28,0.29,0.29,0.27,0.4,0.7,0.84,0.53,0.46,0.39,0.45,0.54,0.59,0.44,0.44,0.54,0.55,0.31,0.64,0.84,0.79,0.62
2015-08-13,1,0.32,0.24,0.24,0.24,0.24,0.24,0.38,0.46,0.46,0.26,0.18,0.3,0.22,0.21,0.2,0.22,0.21,0.25,0.24,0.51,1.15,1.0,1.15,1.13
2015-08-14,1,0.49,0.48,0.35,0.28,0.27,0.32,0.59,0.54,0.47,0.22,0.22,0.33,0.62,0.57,0.2,0.19,0.22,0.23,0.2,0.18,0.19,0.2,0.45,0.54
2015-08-15,0,0.23,0.22,0.22,0.18,0.2,0.19,0.2,0.19,0.2,0.38,0.59,1.3,0.24,0.24,3.5,0.28,0.22,0.22,0.19,0.61,0.78,2.54,1.22,1.75
2015-08-16,0,0.47,0.22,0.21,0.2,0.19,0.21,0.22,0.2,0.19,0.87,1.96,0.46,1.03,0.22,0.94,0.58,1.67,1.07,1.03,0.89,0.69,0.77,0.88,0.79
2015-08-17,1,0.35,0.18,0.22,0.2,0.2,0.22,0.41,0.31,0.48,2.17,0.32,0.22,0.51,0.22,0.26,0.24,0.21,0.32,1.1,0.54,0.55,0.73,0.91,0.71
2015-08-18,1,0.24,0.27,0.19,0.2,0.2,0.2,0.42,0.91,0.82,0.41,0.24,0.3,0.24,0.24,0.24,0.24,0.24,0.83,0.66,0.45,0.53,0.86,0.68,0.37
2015-08-20,1,0.36,0.24,0.21,0.2,0.22,0.22,0.37,0.35,0.51,0.29,0.25,0.18,0.2,0.21,0.22,0.21,0.18,0.18,0.2,0.28,0.34,0.44,0.96,0.8
2015-08-21,1,0.49,0.26,0.22,0.2,0.19,0.19,0.26,0.43,0.47,0.38,0.23,0.17,0.2,0.23,0.21,0.2,0.19,0.32,0.34,0.67,0.82,1.07,0.98,0.47
2015-08-22,1,0.18,0.27,0.19,0.2,0.21,0.19,0.19,0.19,0.19,0.25,0.25,0.32,0.25,0.46,0.27,0.26,0.18,0.26,1.4,1.04,0.74,1.3,1.16,0.69
2015-08-26,1,0.68,0.28,0.2,0.2,0.19,0.2,0.2,0.27,0.34,0.29,0.32,0.72,0.96,1.15,0.59,0.31,0.19,0.28,0.73,1.85,0.8,0.92,1.07,0.64
2015-08-30,0,0.44,0.34,0.2,0.35,0.23,0.25,0.22,0.21,0.24,0.24,1.51,0.9,1.04,0.81,0.44,0.19,0.31,0.51,1.95,1.21,0.94,1.04,0.77,0.92
2015-08-31,1,0.58,0.32,0.27,0.17,0.24,0.22,0.69,0.74,0.48,0.19,0.23,0.21,0.17,0.22,0.23,0.27,0.3,0.27,0.26,1.04,0.85,0.79,0.74,0.45
2015-09-08,1,0.32,0.18,0.27,0.19,0.25,0.25,0.36,0.74,0.51,0.29,0.25,0.18,0.21,0.24,0.16,0.34,0.24,0.21,0.37,0.41,1.54,2.25,1.49,0.79
2015-09-12,0,0.32,0.21,0.22,0.44,0.24,0.22,0.26,0.18,0.23,0.33,0.33,0.33,0.22,0.31,0.47,2.74,3.0,1.53,0.78,0.34,0.35,0.62,1.01,1.18
2015-09-14,1,0.29,0.23,0.23,0.18,0.23,0.17,0.79,0.5,0.56,0.78,0.31,0.31,0.35,0.46,0.25,0.3,0.45,0.37,1.06,1.71,1.1,0.97,0.8,0.54
2015-09-17,1,0.42,0.29,0.2,0.31,0.2,0.26,0.46,0.97,0.68,0.37,0.29,0.24,0.22,0.25,0.22,0.22,0.26,0.22,0.21,0.59,0.8,1.01,0.94,0.38
2015-09-18,1,0.3,0.18,0.26,0.19,0.27,0.19,0.4,0.56,0.61,0.38,0.2,0.21,0.19,0.24,0.18,0.35,0.26,0.2,0.18,0.59,0.77,1.03,0.78,0.65
2015-09-19,0,0.47,0.23,0.25,0.23,0.28,0.21,0.22,0.24,0.54,0.57,0.3,0.26,0.28,0.56,0.4,0.35,1.03,1.27,1.79,2.51,1.56,1.21,0.86,0.94
2015-09-20,0,0.61,0.49,0.33,0.36,0.4,0.26,0.18,0.24,0.32,0.56,0.81,0.57,0.17,0.24,0.22,0.19,0.24,0.64,1.88,2.76,2.07,1.2,1.16,0.7
2015-09-22,1,0.16,0.22,0.19,0.16,0.24,0.23,0.61,0.72,0.53,0.41,0.39,0.35,0.17,0.23,0.21,0.17,0.18,0.22,0.22,0.35,0.94,0.62,1.69,2.67
2015-09-23,1,0.28,0.22,0.16,0.22,0.22,0.3,0.34,0.44,0.66,0.43,0.17,0.2,0.24,0.17,0.2,0.27,0.23,0.22,0.27,0.8,1.2,0.8,0.96,0.6
2015-09-25,1,0.41,0.26,0.19,0.18,0.22,0.2,0.35,1.0,0.84,0.3,0.22,0.26,0.16,0.18,0.2,0.37,0.19,0.23,0.4,0.49,1.31,1.47,0.92,0.86
2015-09-26,1,0.49,0.24,0.19,0.24,0.25,0.2,0.23,0.24,0.85,0.97,0.56,0.2,0.69,1.12,0.33,0.27,0.26,0.34,0.28,0.24,0.37,0.9,0.78,0.59
2015-09-27,1,0.44,0.16,0.21,0.21,0.16,0.22,0.16,0.39,0.45,0.29,0.48,0.23,0.22,0.47,1.25,1.34,0.6,0.29,0.53,1.4,1.97,1.86,1.16,0.87
2015-10-02,1,0.28,0.24,0.24,0.29,0.16,0.22,0.63,0.71,0.54,0.44,0.18,0.17,0.21,0.19,0.17,0.39,0.28,0.21,0.54,0.64,0.37,0.57,0.72,0.67
2015-10-06,1,0.35,0.23,0.17,0.23,0.18,0.2,0.5,0.7,0.67,0.22,0.17,0.18,0.21,0.18,0.18,0.28,0.21,0.77,1.64,1.19,1.14,1.05,1.03,0.7
2015-10-09,1,0.2,0.29,0.22,0.22,0.16,0.21,0.6,0.63,0.47,0.54,0.18,0.23,0.16,0.65,0.72,2.68,0.82,0.99,0.7,0.44,0.41,0.46,0.66,0.74
2015-10-10,0,0.52,0.21,0.26,0.17,0.25,0.22,0.2,0.32,0.22,0.57,0.93,1.88,1.05,0.7,1.65,2.04,1.1,1.82,2.24,1.18,1.03,0.99,2.09,0.37
2015-10-11,0,0.49,0.31,0.2,0.28,0.27,0.18,0.28,0.35,0.27,0.71,0.88,1.84,1.37,1.28,1.68,1.8,2.37,2.92,2.22,1.77,2.51,1.45,1.1,1.0
2015-10-15,1,0.28,0.18,0.24,0.18,0.19,0.2,0.62,0.64,0.83,0.25,0.17,0.2,0.2,0.18,0.22,0.69,0.17,0.29,0.24,0.55,1.28,1.3,1.1,0.81
2015-10-18,1,0.28,0.21,0.23,0.25,0.2,0.27,0.17,0.37,0.26,0.6,0.53,0.6,0.5,0.31,0.16,0.28,0.39,0.31,0.78,1.09,1.02,1.4,1.05,2.12
2015-10-23,1,0.19,0.19,0.22,0.17,0.18,0.21,0.24,0.78,0.6,0.5,0.23,0.18,0.17,0.21,0.2,0.26,0.25,0.23,0.21,0.22,0.65,0.76,1.35,0.74
2015-10-25,0,0.49,0.23,0.26,0.24,0.19,0.23,0.24,0.42,0.43,1.99,0.71,1.33,0.51,0.57,1.38,3.36,0.57,0.77,2.53,2.15,1.36,1.06,1.35,1.32
2015-10-26,1,0.26,0.24,0.25,0.21,0.22,0.27,0.44,1.05,0.72,0.23,0.2,0.17,0.21,0.21,0.2,0.28,0.25,0.75,0.65,1.35,1.64,1.7,1.28,1.37
2015-10-27,1,1.38,0.19,0.24,0.19,0.23,0.23,0.45,0.9,0.99,0.22,0.21,0.23,0.27,0.18,0.18,0.28,0.31,0.18,0.22,0.19,0.7,0.74,1.03,0.62
2015-11-02,1,0.3,0.28,0.32,0.25,0.31,0.33,0.63,0.67,0.6,0.33,0.17,0.19,0.21,0.17,0.31,0.17,0.28,0.16,0.42,1.35,1.41,1.22,1.01,0.95
2015-11-06,1,0.17,0.19,0.22,0.2,0.26,0.35,0.31,0.34,0.56,0.44,0.16,0.19,0.21,0.17,0.18,0.39,0.29,0.23,0.27,0.47,0.39,0.52,0.25,0.17
2015-11-07,0,0.35,0.35,0.27,0.18,0.18,0.22,0.36,0.26,0.36,0.74,0.42,0.26,0.35,0.28,0.51,0.56,0.71,1.03,1.32,2.78,3.81,2.37,2.49,1.47
2015-11-10,1,0.34,0.21,0.2,0.16,0.29,0.32,0.28,0.39,0.84,0.22,0.2,0.16,0.19,0.22,0.36,0.34,0.29,0.22,0.28,0.76,0.74,0.8,0.71,0.2
2015-11-12,1,0.28,0.22,0.29,0.27,0.22,0.28,0.25,0.41,0.82,0.68,0.21,0.18,0.18,0.29,0.38,0.3,0.23,0.27,0.28,1.16,1.89,1.03,1.26,2.44
2015-11-15,0,0.23,0.25,0.2,0.17,0.21,0.19,0.38,0.31,0.46,1.61,0.52,0.48,0.86,0.57,0.5,0.66,1.33,1.71,3.63,1.36,1.07,1.87,2.05,2.34
2015-11-16,1,1.05,0.23,0.19,0.22,0.37,0.32,0.76,1.83,0.49,0.18,0.18,0.21,0.18,0.22,0.44,0.27,0.33,0.48,1.42,1.9,1.39,3.09,3.03,2.18
2015-11-18,1,1.27,0.5,0.16,0.22,0.42,0.32,0.63,0.67,0.67,0.55,0.33,0.42,0.42,0.38,0.58,0.53,0.44,0.39,0.37,0.59,1.14,0.91,1.33,1.52
2015-11-19,1,0.82,0.3,0.3,0.21,0.28,0.35,0.49,0.87,1.53,0.38,0.22,0.16,0.2,0.22,0.18,0.23,0.23,0.24,1.05,2.73,1.62,1.27,1.21,0.55
2015-11-20,1,0.2,0.16,0.2,0.18,0.33,0.38,0.42,1.04,0.33,0.46,0.24,0.24,0.19,0.18,0.22,0.27,0.24,0.27,0.44,0.43,0.52,1.07,0.93,0.83
2015-11-21,0,0.56,0.35,0.19,0.18,0.32,0.25,0.45,0.33,0.29,0.68,0.3,0.22,0.23,0.21,0.16,0.43,1.18,1.38,2.63,1.98,1.26,2.42,0.89,0.25
2015-11-22,0,0.27,0.22,0.18,0.2,0.3,0.21,0.43,0.46,0.85,0.91,0.62,0.75,0.7,1.01,0.56,0.89,1.76,1.26,0.93,0.87,1.27,1.2,1.17,1.66
2015-11-25,0,0.18,0.18,0.22,0.22,0.21,0.4,0.43,0.72,1.43,0.61,0.51,0.51,0.72,0.47,0.47,0.45,0.72,0.59,0.84,1.39,3.28,1.4,1.92,1.16
2015-11-26,1,0.62,0.16,0.18,0.21,0.21,0.34,0.66,1.01,0.68,0.25,0.24,0.37,0.44,0.41,0.4,0.5,0.49,0.27,0.27,0.27,1.3,1.6,2.73,1.25
2015-11-27,1,0.99,0.2,0.21,0.2,0.17,0.38,0.51,0.75,0.61,0.43,0.19,0.16,0.2,0.2,0.18,0.27,0.26,0.25,0.27,1.43,1.42,1.09,1.12,1.0
2015-11-28,1,0.24,0.21,0.17,0.19,0.24,0.24,0.19,0.44,0.33,0.67,0.54,0.16,0.26,0.16,0.33,0.92,0.65,1.26,0.93,0.59,0.56,0.79,0.52,0.25
2015-11-29,0,0.2,0.26,0.21,0.23,0.22,0.24,0.26,0.42,0.31,0.36,0.35,0.23,0.17,0.22,0.31,0.85,1.27,1.96,2.59,1.3,1.15,1.47,1.4,0.79
2015-11-30,1,0.28,0.32,0.32,0.25,0.3,0.31,0.36,0.84,0.66,0.39,0.19,0.21,0.17,0.19,0.28,0.23,0.27,0.22,0.46,1.6,1.36,1.25,1.72,1.49
2015-12-06,0,0.46,0.42,0.24,0.18,0.21,0.2,0.33,0.32,0.21,0.71,1.27,0.43,0.53,0.92,2.06,1.65,2.09,2.82,2.92,2.09,2.22,1.21,0.51,0.23
2015-12-11,1,0.45,0.2,0.21,0.16,0.27,0.38,0.73,1.71,1.11,0.44,0.17,0.17,0.22,0.19,0.18,0.26,0.23,0.23,0.29,0.29,0.88,0.96,0.89,0.93
2015-12-12,1,0.93,0.53,0.23,0.27,0.16,0.21,0.44,0.3,0.27,0.43,0.62,0.45,0.32,0.26,0.28,0.31,0.24,0.56,0.97,0.65,1.0,1.26,1.38,1.46
2015-12-13,0,0.99,0.17,0.21,0.2,0.18,0.36,0.31,0.34,0.88,1.27,1.32,1.62,2.1,1.85,1.9,1.84,1.57,2.62,1.29,1.49,1.98,1.37,1.43,0.26
2015-12-19,0,0.17,0.19,0.19,0.16,0.19,0.2,0.36,0.33,0.23,0.56,0.56,0.39,0.77,0.9,0.92,1.26,1.79,2.02,1.12,1.61,1.2,1.54,1.28,0.72
2015-12-24,0,1.08,0.44,0.35,0.24,0.22,0.28,0.5,0.71,0.75,1.12,0.55,0.65,0.71,2.23,1.51,1.11,1.3,3.61,1.84,2.22,2.45,1.76,2.13,1.25
2015-12-25,0,1.13,0.63,1.04,0.67,0.92,1.0,0.93,1.1,1.72,2.37,1.66,2.2,2.74,3.0,3.09,2.61,2.66,2.48,3.33,2.38,2.37,2.59,1.77,1.97
2015-12-26,0,1.03,0.81,0.86,0.62,1.04,0.68,1.06,0.88,1.12,1.46,1.42,1.15,0.9,0.77,0.79,1.51,1.59,2.27,3.75,1.87,3.16,3.16,2.19,1.4
2015-12-27,0,2.04,0.91,0.55,0.54,0.61,0.89,0.7,0.73,0.64,0.9,1.24,0.83,0.7,0.75,0.65,0.77,1.44,1.65,2.13,2.11,2.14,1.79,3.86,1.83
2015-12-28,0,0.22,0.21,0.24,0.18,0.21,0.34,0.72,0.82,0.49,0.51,0.7,0.55,0.78,1.16,0.22,0.3,0.48,0.41,1.31,1.09,1.01,1.75,1.96,2.43
2015-12-30,0,2.56,1.1,0.66,1.06,0.78,0.95,0.79,1.41,1.24,0.92,0.56,0.76,0.9,0.6,0.56,0.53,0.6,0.9,1.86,1.86,2.22,2.33,2.33,1.84
2015-12-31,1,0.96,1.23,1.09,0.87,1.27,0.93,1.03,1.58,1.33,1.65,0.18,0.17,0.19,0.17,0.2,0.17,0.23,0.24,1.41,2.42,0.99,0.62,0.49,0.57
2016-01-01,0,0.48,0.24,0.3,0.31,0.24,0.46,0.35,0.45,0.26,0.17,0.41,0.53,0.49,0.21,0.52,0.81,1.18,1.57,2.3,1.9,1.8,1.57,1.35,1.39
2016-01-02,0,1.06,0.5,0.24,0.38,0.25,0.33,0.28,0.34,0.33,0.59,1.76,1.18,0.27,0.2,0.79,0.77,0.59,1.36,2.27,2.5,1.63,1.93,0.91,0.52
2016-01-03,0,0.39,0.27,0.26,0.35,0.24,0.27,0.36,0.34,0.29,0.45,1.77,0.74,0.59,0.23,0.24,0.23,0.27,0.3,1.61,1.34,1.37,1.3,0.87,0.35
2016-01-07,1,0.63,0.2,0.16,0.19,0.23,0.28,0.36,0.69,0.9,0.41,0.19,0.17,0.23,0.17,0.23,0.41,0.28,0.86,0.88,1.25,0.97,1.02,0.79,0.84
2016-01-11,0,0.64,0.55,0.55,0.73,0.76,0.59,0.74,0.74,1.48,2.11,1.15,1.19,1.03,1.06,1.29,1.16,1.09,1.16,1.28,1.53,1.45,1.77,2.08,1.21
2016-01-12,0,0.26,0.46,0.52,0.52,0.6,0.57,0.76,0.9,1.07,0.45,0.53,0.47,0.44,0.23,0.48,0.68,0.55,1.35,2.75,1.08,1.63,1.52,1.13,1.88
2016-01-13,0,0.71,0.3,0.41,0.43,0.52,0.61,0.64,1.23,1.49,0.99,0.52,0.66,0.7,0.72,0.84,0.92,0.77,0.95,1.11,1.39,2.86,1.51,1.3,1.37
2016-01-16,1,1.92,0.3,0.19,0.18,0.19,0.2,0.29,0.27,0.31,0.42,1.09,0.42,0.52,0.94,0.96,0.66,0.75,0.37,0.75,0.59,0.88,0.83,0.83,0.59
2016-01-17,0,0.43,0.46,0.42,0.39,0.37,0.23,0.35,0.46,0.87,1.2,0.92,0.89,0.49,0.76,0.62,0.62,0.52,1.04,2.06,1.61,2.33,0.92,0.88,0.61
2016-01-23,1,0.19,0.17,0.23,0.17,0.18,0.18,0.32,0.26,0.59,0.83,0.59,0.68,0.68,0.81,0.88,0.52,0.32,0.97,1.11,0.39,0.46,0.54,0.95,0.59
2016-01-24,0,0.21,0.24,0.27,0.17,0.17,0.18,0.31,0.31,0.29,0.28,0.71,0.71,1.53,0.42,0.72,1.34,2.38,1.8,1.57,1.33,3.32,1.67,2.71,3.59
2016-01-25,0,1.7,0.66,0.73,0.58,0.48,0.68,0.62,0.89,1.2,0.78,0.58,0.43,0.55,0.49,0.53,0.74,0.56,0.9,1.16,1.64,1.78,1.21,1.27,1.09
2016-01-26,1,0.39,0.53,0.51,0.48,0.21,0.5,0.76,1.27,0.71,0.54,0.47,0.5,0.3,0.4,0.44,0.69,0.56,0.23,0.65,1.03,1.43,0.71,1.2,1.42
2016-01-28,1,1.03,0.54,0.59,0.27,0.47,0.63,0.45,0.87,1.28,0.52,0.42,0.51,0.17,0.47,0.49,0.44,0.34,0.52,1.23,2.07,0.77,1.42,1.09,0.6
2016-01-29,1,0.5,0.42,0.27,0.51,0.47,0.59,0.7,1.21,1.11,0.56,0.21,0.46,0.51,0.47,0.48,0.66,0.61,0.65,0.74,1.51,1.58,1.44,2.42,1.48
2016-02-01,1,0.26,0.21,0.36,0.16,0.23,0.26,0.51,0.72,0.91,0.25,0.18,0.17,0.16,0.21,0.18,0.32,0.26,0.91,1.07,1.35,1.17,0.94,1.13,0.53
2016-02-08,1,0.26,0.18,0.17,0.18,0.28,0.3,0.37,0.26,0.26,0.47,0.45,0.28,0.29,0.34,0.29,0.48,0.2,0.39,0.77,1.01,2.11,0.84,2.3,1.46
2016-02-11,0,1.81,0.57,0.25,0.28,0.28,0.25,0.3,0.35,0.62,0.7,0.37,0.26,0.23,0.19,0.26,0.5,0.62,0.82,1.1,2.1,2.84,2.21,2.26,0.98
2016-02-13,0,0.45,0.36,0.28,0.2,0.22,0.2,0.29,0.28,0.28,0.6,0.74,0.76,0.96,0.52,0.66,1.61,1.2,2.0,1.39,1.07,0.99,1.05,1.13,1.29
2016-02-14,0,0.82,0.6,0.27,0.28,0.24,0.31,0.22,0.31,0.24,0.76,0.8,1.1,0.99,1.14,0.73,0.73,0.58,0.82,1.64,0.73,2.09,0.85,0.94,0.4
2016-02-16,1,0.5,0.2,0.16,0.18,0.22,0.21,0.51,0.72,0.6,0.18,0.22,0.16,0.18,0.22,0.17,0.23,0.41,0.23,0.26,0.3,1.46,1.07,1.25,1.02
2016-02-19,1,2.12,0.3,0.21,0.17,0.17,0.23,0.44,1.1,0.97,0.7,0.21,0.23,0.16,0.22,0.21,0.41,0.3,0.24,0.22,0.48,1.0,1.02,1.64,1.0
2016-02-20,1,0.19,0.17,0.22,0.16,0.18,0.2,0.39,0.25,0.37,0.43,0.52,0.27,0.28,0.57,0.3,0.29,1.38,0.5,1.54,1.2,1.17,0.97,1.39,1.63
2016-02-21,0,1.55,1.14,0.42,0.28,0.23,0.2,0.32,0.42,0.4,0.49,0.56,0.71,0.45,0.82,0.83,1.15,0.86,1.56,2.45,3.02,1.27,1.89,2.01,1.7
2016-02-22,1,0.82,0.21,0.21,0.17,0.19,0.31,0.44,0.63,0.53,0.35,0.19,0.18,0.97,0.41,0.37,2.23,1.04,0.4,1.28,1.38,1.33,2.59,1.28,0.23
2016-02-25,1,0.6,0.18,0.16,0.19,0.18,0.31,0.3,0.54,0.44,0.25,0.22,0.2,0.21,0.16,0.24,0.24,0.25,0.18,0.66,1.22,1.02,0.57,0.64,1.2
2016-02-27,1,0.31,0.3,0.3,0.3,0.26,0.33,0.41,0.42,0.37,0.37,0.65,0.42,0.38,0.94,1.44,1.06,0.43,0.55,0.5,0.39,0.37,0.37,0.3,0.62
2016-02-28,0,0.4,0.19,0.27,0.16,0.18,0.18,0.28,0.36,0.4,0.68,0.68,2.15,0.96,0.56,0.57,0.75,1.39,0.65,1.01,1.19,1.43,0.97,1.49,0.32
2016-03-06,1,0.99,0.7,0.52,0.5,0.44,0.25,0.27,0.37,0.59,0.66,0.6,0.54,0.53,0.85,0.85,0.51,0.51,0.97,0.27,0.37,0.35,0.33,0.47,0.56
2016-03-07,1,0.19,0.26,0.25,0.17,0.27,0.31,0.44,0.58,0.25,0.21,0.29,0.24,0.22,0.22,0.2,0.41,0.37,0.3,0.57,0.75,0.74,1.81,0.75,0.22
2016-03-12,1,0.18,0.17,0.23,0.17,0.16,0.21,0.31,0.48,0.72,0.92,0.43,0.66,0.46,0.53,0.69,1.18,0.86,1.17,0.58,0.98,1.63,1.37,0.86,0.41
2016-03-16,1,0.18,0.22,0.18,0.18,0.18,0.28,0.37,0.8,0.47,0.29,0.26,0.51,0.23,0.23,0.17,0.39,0.52,0.8,1.24,0.92,1.67,1.64,1.16,0.64
2016-03-19,0,2.25,0.34,0.18,0.19,0.19,0.19,0.32,0.33,0.47,0.46,1.06,1.01,1.36,0.78,0.18,1.62,1.09,1.6,0.65,0.35,0.3,1.26,0.4,0.24
2016-03-21,1,0.35,0.2,0.26,0.24,0.19,0.32,0.66,0.49,0.58,0.2,0.17,0.33,0.25,0.18,0.19,0.31,0.49,0.69,1.37,0.84,0.95,0.69,1.71,1.07
2016-03-24,1,0.29,0.31,0.18,0.19,0.21,0.19,0.51,0.57,0.82,0.48,0.16,0.19,0.19,0.18,0.16,0.36,0.24,0.22,0.29,0.58,0.95,0.63,0.56,0.23
2016-03-27,0,0.75,0.2,0.27,0.17,0.2,0.2,0.28,0.28,0.37,0.66,0.64,1.72,2.32,0.91,0.93,0.69,1.2,2.01,2.27,1.16,1.11,0.93,1.2,0.71
2016-03-28,1,0.18,0.28,0.2,0.18,0.22,0.25,0.38,0.66,0.46,0.23,0.35,0.18,0.26,0.42,0.53,0.77,0.24,0.16,0.42,0.77,1.29,1.13,1.1,0.62
2016-04-02,1,0.39,0.18,0.16,0.21,0.19,0.16,0.17,0.45,0.69,0.65,0.24,0.24,0.55,0.21,0.18,0.24,1.43,1.51,1.06,0.67,0.59,0.74,0.55,0.42
2016-04-03,0,0.26,0.18,0.23,0.23,0.21,0.18,0.28,0.35,0.76,0.86,0.35,0.22,0.66,0.57,2.76,1.04,0.74,1.33,1.76,1.22,2.51,1.61,0.94,1.92
2016-04-10,0,0.46,0.48,0.4,0.42,0.24,0.21,0.23,0.34,0.66,1.01,1.03,1.09,0.88,0.41,0.32,0.55,0.46,0.26,1.3,0.76,1.09,1.35,0.82,0.32
2016-04-11,1,0.3,0.16,0.26,0.22,0.17,0.23,0.59,0.58,0.76,0.34,0.21,0.19,0.19,0.16,0.22,0.28,0.18,0.22,0.72,0.54,0.7,1.19,1.12,0.61
2016-04-12,1,0.28,0.18,0.19,0.19,0.22,0.16,0.57,0.94,1.01,0.22,0.19,0.17,0.17,0.24,0.17,0.33,0.47,0.24,0.3,0.71,0.7,0.94,0.82,0.5
2016-04-14,1,0.49,0.23,0.19,0.16,0.22,0.36,0.35,0.57,0.62,0.29,0.19,0.2,0.16,0.22,0.21,0.28,0.38,0.39,0.31,0.27,0.53,1.5,0.8,0.2
2016-04-17,0,0.49,0.17,0.26,0.25,0.16,0.32,0.27,0.3,0.65,1.08,0.79,0.82,0.69,1.67,1.2,0.9,0.55,1.53,1.53,1.26,1.1,1.03,0.74,0.43
2016-04-18,1,0.24,0.24,0.18,0.25,0.23,0.22,0.68,0.47,0.57,0.21,0.24,0.22,0.23,0.26,0.19,0.21,0.21,0.16,0.21,0.29,0.95,1.26,0.94,1.24
2016-04-19,1,0.35,0.25,0.25,0.18,0.27,0.25,0.35,0.65,0.51,0.21,0.17,0.27,0.22,0.2,0.22,0.28,0.17,0.24,0.24,0.43,0.42,0.92,0.85,0.46
2016-04-20,1,0.36,0.22,0.2,0.24,0.27,0.27,0.31,0.49,0.69,0.27,0.16,0.26,0.23,0.19,0.23,0.25,0.17,0.24,0.27,0.26,0.39,0.8,0.69,0.82
2016-04-23,1,0.26,0.21,0.23,0.22,0.22,0.23,0.2,0.35,0.23,0.58,0.26,0.22,0.51,0.21,0.36,1.97,1.41,0.68,2.9,0.57,0.51,0.89,0.6,0.56
2016-04-25,1,1.3,0.22,0.19,0.21,0.16,0.28,0.36,0.49,0.6,0.31,0.18,0.17,0.21,0.17,0.21,0.27,0.21,0.49,0.63,0.46,0.89,2.06,0.8,0.33
2016-04-30,1,0.23,0.32,0.22,0.21,0.19,0.2,0.33,0.54,0.31,0.29,0.29,0.33,0.21,1.17,0.36,0.33,0.49,1.33,0.66,0.2,0.22,0.23,0.86,1.28
2016-05-01,1,1.02,0.25,0.19,0.23,0.2,0.19,0.17,0.49,0.99,0.29,0.24,0.17,0.31,0.45,0.16,0.8,0.76,0.95,0.4,0.36,0.64,0.78,2.3,0.8
2016-05-12,1,0.99,0.24,0.17,0.26,0.17,0.27,0.26,0.54,0.22,0.27,0.17,0.2,0.21,0.16,0.24,0.16,0.2,0.21,0.26,0.21,0.23,0.63,0.95,0.65
2016-05-15,0,0.29,0.19,0.26,0.24,0.21,0.22,0.2,0.18,0.4,1.79,0.54,0.53,1.89,2.16,0.46,0.68,0.95,1.25,2.22,0.58,2.09,2.44,2.41,1.89
2016-05-21,1,0.27,0.2,0.2,0.25,0.19,0.22,0.22,0.22,0.19,0.57,0.53,0.23,0.44,0.29,0.36,0.18,0.56,1.23,1.74,0.51,0.29,1.88,1.95,0.37
2016-05-23,0,0.21,0.2,0.22,0.17,0.18,0.22,0.27,0.22,0.54,0.5,0.33,1.45,0.67,0.37,0.68,0.28,0.55,0.76,1.71,2.18,1.07,1.68,2.29,1.37
2016-05-29,0,0.56,0.26,0.18,0.25,0.23,0.17,0.27,0.34,0.39,0.41,1.75,0.44,0.29,0.34,0.3,0.29,1.18,0.82,1.58,0.82,0.59,1.65,0.86,0.91
2016-06-02,1,0.48,0.24,0.43,0.33,0.27,0.25,0.32,0.46,0.41,0.37,0.23,0.17,0.23,0.25,0.21,0.23,0.16,0.24,0.17,1.76,2.04,1.25,1.59,1.9
2016-06-04,1,0.23,0.22,0.17,0.22,0.21,0.18,0.22,0.17,0.51,0.33,0.18,0.46,0.23,0.19,0.29,0.16,0.31,0.9,0.91,1.95,0.84,0.55,0.98,0.59
2016-06-05,1,0.44,0.23,0.26,0.26,0.22,0.28,0.19,0.3,0.36,0.5,0.49,0.67,0.54,0.28,0.22,0.26,0.72,0.8,1.0,1.4,0.37,0.22,0.57,0.46
2016-06-06,1,0.23,0.3,0.19,0.33,0.18,0.31,0.34,0.51,0.44,0.22,0.22,0.23,0.27,0.27,0.22,0.43,0.5,0.58,0.57,0.29,0.86,0.61,0.62,0.36
2016-06-08,1,1.21,0.19,0.19,0.22,0.21,0.16,0.32,0.89,0.29,0.24,0.35,0.27,0.42,0.31,0.34,0.27,0.26,0.32,0.32,0.35,0.49,0.38,0.26,0.19
2016-06-11,1,1.17,0.34,0.22,0.19,0.26,0.2,0.2,0.23,0.22,0.38,0.45,0.47,0.21,0.22,0.23,0.19,0.27,0.33,0.6,0.36,0.23,0.27,1.11,1.75
2016-06-13,1,0.89,0.3,0.22,0.17,0.19,0.22,0.45,0.52,0.4,0.31,0.2,0.16,0.22,0.19,0.19,0.29,0.19,0.24,0.33,1.48,0.75,2.34,0.65,0.6
2016-06-15,1,0.62,0.37,0.22,0.22,0.2,0.28,0.39,0.66,0.63,0.4,0.17,0.28,0.23,0.17,0.31,0.29,0.22,0.19,0.23,0.35,0.5,0.34,0.55,1.69
2016-06-16,1,0.75,0.21,0.2,0.16,0.2,0.2,0.32,0.46,0.73,0.33,0.17,0.29,0.31,0.16,0.22,0.31,0.19,0.23,1.07,1.29,1.03,0.92,2.19,1.19
2016-06-18,1,0.28,0.17,0.28,0.28,0.17,0.26,0.24,0.29,0.37,0.44,0.46,0.69,0.95,0.69,0.68,0.37,0.33,0.33,0.59,0.47,0.29,0.61,0.36,0.21
2016-06-19,1,0.22,0.22,0.22,0.25,0.18,0.23,0.24,0.37,0.3,0.4,0.61,0.25,0.24,0.29,0.28,0.31,0.31,0.29,0.18,0.19,0.16,0.6,1.03,0.86
2016-06-22,1,0.69,0.21,0.16,0.23,0.18,0.18,0.28,0.51,0.65,0.34,0.16,0.32,0.23,0.18,0.19,0.84,0.27,0.42,0.28,0.36,0.47,0.71,1.0,0.92
2016-06-24,1,0.39,0.18,0.22,0.19,0.19,0.27,0.34,0.65,0.89,0.28,0.19,0.21,0.19,0.17,0.21,0.26,0.18,0.4,0.38,0.21,0.49,0.8,0.9,0.7
2016-06-26,1,0.46,0.31,0.21,0.19,0.17,0.24,0.26,0.31,0.26,0.47,1.05,0.81,0.6,0.59,0.18,0.22,0.21,0.24,1.05,1.51,0.73,0.66,1.29,1.58
2016-06-27,1,0.35,0.23,0.19,0.22,0.17,0.25,0.19,0.3,0.49,0.3,0.19,0.16,0.23,0.17,0.21,0.2,0.17,0.21,0.33,1.97,1.37,0.94,0.76,0.8
2016-06-28,1,0.44,0.17,0.24,0.21,0.21,0.2,0.18,0.52,0.43,0.24,0.19,0.2,0.21,0.2,0.28,0.19,0.22,0.3,0.61,0.3,0.18,0.49,0.51,0.77
2016-07-02,0,0.24,0.28,0.33,0.44,0.21,0.26,0.24,0.21,0.22,0.84,0.35,0.99,0.5,0.98,1.23,0.92,0.81,2.3,1.49,0.55,0.69,1.46,0.73,0.88
2016-07-03,0,0.55,0.5,0.31,0.35,0.36,0.21,0.29,0.25,0.46,0.82,0.5,1.22,0.52,0.19,0.19,0.23,0.74,1.66,1.39,0.72,1.01,0.98,0.97,0.53
2016-07-04,1,0.25,0.2,0.35,0.2,0.25,0.23,0.35,0.5,0.45,0.27,0.2,0.18,0.27,0.23,0.19,0.21,0.26,0.2,0.38,0.45,1.4,0.82,0.91,1.14
2016-07-05,1,1.43,0.21,0.18,0.35,0.19,0.27,0.26,0.82,0.74,0.2,0.21,0.25,0.19,0.21,0.27,0.18,0.34,0.31,0.37,0.73,1.01,0.72,0.95,0.9
2016-07-06,1,0.52,0.27,0.36,0.24,0.19,0.21,0.37,0.42,0.45,0.26,0.17,0.2,0.16,0.23,0.17,0.21,0.22,0.16,0.2,0.19,0.19,0.17,0.62,0.58
2016-07-09,1,0.3,0.26,0.17,0.26,0.22,0.19,0.22,0.25,0.3,0.52,0.33,0.83,0.96,0.84,0.59,0.94,0.33,0.87,1.75,0.45,0.26,0.36,0.49,0.29
2016-07-10,1,0.18,0.28,0.18,0.23,0.23,0.17,0.3,0.31,0.23,0.29,0.26,0.3,0.47,0.57,0.47,0.34,0.17,0.2,0.27,1.67,0.54,0.78,0.65,0.61
2016-07-17,1,0.18,0.26,0.21,0.2,0.22,0.26,0.17,0.24,0.28,0.56,0.22,0.44,0.24,1.81,0.22,0.27,0.28,0.61,0.36,0.42,0.81,0.89,1.19,2.04
2016-07-19,1,0.3,0.19,0.25,0.16,0.21,0.21,0.2,0.24,0.49,0.28,0.19,0.17,0.24,0.19,0.19,0.18,0.78,0.35,0.38,0.31,0.28,0.38,0.65,0.54
2016-07-24,1,0.28,0.19,0.26,0.23,0.21,0.2,0.29,0.3,0.27,0.54,0.23,0.23,0.21,0.24,0.19,0.31,0.23,0.22,0.29,0.66,0.27,0.2,0.55,0.56
2016-07-26,1,0.44,0.2,0.24,0.26,0.24,0.19,0.26,0.24,0.33,0.19,0.32,0.22,0.19,0.21,0.45,0.24,0.37,0.38,0.18,0.23,0.22,0.25,0.5,0.57
2016-07-27,1,0.2,0.22,0.21,0.18,0.18,0.2,0.22,0.18,0.27,0.32,0.26,0.24,0.2,0.26,0.17,0.27,0.21,0.27,0.24,0.18,0.26,0.37,0.7,0.29
2016-07-28,1,0.25,0.27,0.33,0.22,0.31,0.24,0.19,0.26,0.22,0.86,0.74,0.25,0.63,0.37,0.22,0.25,0.24,0.67,1.14,0.98,0.35,0.41,0.65,0.41
2016-07-31,1,0.38,0.29,0.2,0.24,0.38,0.23,0.24,0.21,0.2,0.51,0.6,1.16,0.52,0.18,0.41,0.23,0.2,0.28,0.72,0.67,0.31,1.51,0.47,0.51
2016-08-08,0,0.27,0.28,0.21,0.33,0.28,0.22,0.5,0.36,0.19,0.72,0.47,1.61,2.45,2.18,2.27,0.96,0.18,0.58,0.27,0.3,0.29,0.74,1.56,0.94
2016-08-10,1,0.34,0.28,0.2,0.27,0.29,0.22,0.5,0.62,0.79,0.28,0.3,0.17,0.26,0.23,0.2,0.26,0.35,0.84,0.25,0.78,0.98,0.98,1.5,0.83
2016-08-13,1,0.22,0.25,0.2,0.24,0.22,0.21,0.25,0.17,0.54,0.42,0.16,0.42,0.21,0.24,0.22,0.19,0.26,0.4,0.16,0.49,0.57,2.77,1.37,1.49
2016-08-14,0,1.12,0.27,0.21,0.24,0.22,0.24,0.21,0.24,0.2,0.99,0.83,0.47,0.31,0.27,0.18,0.41,0.92,2.56,0.6,0.81,0.27,0.29,0.69,0.57
2016-08-15,1,0.39,0.27,0.17,0.2,0.2,0.21,0.18,0.67,0.36,0.42,0.26,0.16,0.19,0.23,0.16,0.24,0.31,1.31,0.43,0.34,0.33,0.6,1.03,0.67
2016-08-16,1,0.19,0.21,0.2,0.24,0.22,0.33,0.34,0.68,0.46,0.23,0.16,0.19,0.21,0.18,0.18,0.19,0.23,0.29,0.47,0.95,1.4,0.79,0.61,0.95
2016-08-20,1,0.31,0.18,0.25,0.24,0.2,0.22,0.45,0.26,0.3,0.2,0.31,0.18,0.26,0.23,0.6,1.04,1.18,0.95,1.01,2.16,0.44,1.68,0.54,0.39
2016-08-21,1,0.22,0.37,0.24,0.4,0.23,0.36,0.24,0.32,0.29,0.46,0.38,0.2,0.28,0.33,0.67,0.26,0.31,1.33,2.04,0.99,0.99,0.82,0.77,0.8
2016-08-22,1,0.41,0.17,0.21,0.21,0.16,0.23,0.16,0.19,0.37,0.4,0.2,0.26,0.31,0.33,0.16,0.41,0.41,1.57,2.1,0.98,0.97,1.58,0.99,0.58
2016-08-23,1,0.41,0.32,0.2,0.18,0.23,0.16,0.21,0.37,0.43,0.5,0.46,0.76,0.63,1.46,1.02,0.45,0.89,0.36,0.2,0.21,0.67,0.72,0.75,0.78
2016-08-25,1,0.19,0.21,0.23,0.18,0.25,0.18,0.19,0.2,0.25,0.24,0.57,0.21,0.36,0.24,0.2,0.18,0.18,0.24,0.28,0.72,0.93,0.84,1.08,1.06
2016-08-26,1,0.58,0.25,0.28,0.24,0.22,0.34,0.23,0.26,0.57,0.48,0.23,0.24,0.26,0.21,0.19,0.18,0.23,0.21,0.16,1.01,0.69,0.57,0.68,0.92
2016-08-27,1,0.52,0.26,0.38,0.3,0.21,0.25,0.26,0.19,0.35,0.28,0.36,0.17,0.24,0.27,0.18,0.29,0.16,0.28,0.31,0.56,0.56,0.73,0.78,1.76
2016-08-29,0,0.29,0.26,0.2,0.17,0.34,0.17,0.23,0.22,0.42,1.17,1.36,0.58,0.17,0.24,0.25,0.22,0.41,1.12,0.5,1.41,0.7,2.13,0.71,0.53
2016-08-30,1,0.53,0.35,0.38,0.23,0.24,0.29,0.17,0.55,0.43,0.42,0.45,0.23,0.21,0.24,0.22,0.17,0.21,0.21,0.88,2.67,1.39,2.45,1.07,2.09
2016-08-31,1,0.71,0.28,0.29,0.21,0.32,0.22,0.61,0.75,0.85,0.37,0.43,0.65,0.54,0.57,0.58,0.71,0.38,0.18,0.28,0.64,1.03,0.68,0.78,0.67
2016-09-03,1,0.18,0.27,0.24,0.21,0.26,0.24,0.23,0.32,0.28,0.46,0.49,0.29,0.38,0.31,0.29,0.21,0.19,0.31,1.07,1.57,0.68,0.71,0.76,1.0
2016-09-04,0,0.56,0.26,0.21,0.23,0.28,0.19,0.19,0.2,0.24,0.33,0.47,2.12,0.82,0.64,1.3,1.54,1.15,0.39,0.21,0.17,0.23,0.22,2.06,1.16
2016-09-05,1,1.86,0.31,0.23,0.19,0.18,0.23,0.25,0.34,0.23,0.24,0.58,0.71,0.91,0.44,0.17,0.29,0.46,0.29,0.17,0.4,1.07,0.68,0.98,1.32
2016-09-10,1,0.22,0.22,0.19,0.26,0.21,0.2,0.24,0.23,0.6,0.51,0.64,0.27,0.25,0.18,0.22,0.23,0.26,0.33,0.98,1.94,1.15,0.93,2.22,1.15
2016-09-11,1,0.49,0.52,0.44,0.21,0.21,0.26,0.17,0.24,0.34,0.58,0.65,0.32,0.21,0.19,0.62,0.45,0.28,0.62,0.96,0.58,0.76,0.74,0.93,0.93
2016-09-30,1,0.27,0.2,0.16,0.2,0.26,0.25,0.44,0.97,0.86,0.28,0.19,0.29,0.18,0.2,0.21,0.2,0.19,0.26,0.24,0.72,0.94,0.71,0.62,0.59
2016-10-02,0,1.79,0.2,0.22,0.16,0.21,0.23,0.17,0.35,0.29,0.52,1.05,0.8,0.44,0.22,0.29,0.62,0.78,1.17,1.86,1.25,0.97,0.72,1.08,0.58
2016-10-05,1,0.28,0.17,0.21,0.16,0.2,0.25,0.43,0.74,0.46,0.22,0.34,0.2,0.22,0.35,0.31,0.45,0.28,0.26,0.28,0.31,0.97,0.97,0.88,1.3
2016-10-09,0,0.26,0.17,0.18,0.22,0.16,0.19,0.27,0.41,1.05,0.47,0.52,2.45,1.29,1.42,1.49,1.52,1.38,2.54,2.47,1.68,1.5,1.41,0.9,0.73
2016-10-15,0,0.19,0.17,0.21,0.21,0.17,0.2,0.25,0.29,0.66,0.6,1.04,0.32,0.19,0.46,0.74,1.38,1.69,2.42,1.29,1.43,1.44,1.31,1.4,0.65
2016-10-16,0,0.44,0.27,0.25,0.21,0.27,0.17,0.25,0.66,1.29,0.73,0.4,0.44,0.44,0.31,1.14,1.52,2.34,2.77,2.75,2.5,1.77,0.9,1.35,2.4
2016-10-24,1,0.68,0.16,0.2,0.19,0.19,0.18,0.3,0.78,0.86,0.5,0.16,0.19,0.21,0.16,0.18,0.32,0.24,0.19,0.41,1.08,1.04,1.72,1.23,0.68
2016-10-27,1,0.28,0.21,0.16,0.19,0.21,0.18,0.32,0.95,0.69,0.42,0.24,0.35,0.37,0.25,0.2,0.33,0.3,0.22,0.26,0.65,1.05,0.79,2.06,1.16
2016-10-30,0,0.21,0.2,0.21,0.17,0.18,0.22,0.24,0.39,0.31,0.49,0.28,0.18,0.24,0.16,0.2,0.28,0.18,1.41,1.28,2.59,1.29,2.6,1.31,0.96
2016-11-05,1,0.21,0.17,0.19,0.19,0.18,0.18,0.18,0.34,0.38,0.66,0.27,0.27,0.25,0.75,0.19,0.21,0.33,1.07,1.93,0.8,0.35,0.89,0.6,0.9
2016-11-07,1,0.52,0.41,0.31,0.19,0.16,0.23,0.36,0.54,1.07,0.37,0.2,0.21,0.18,0.16,0.27,0.35,0.26,0.18,0.23,0.9,1.42,1.71,1.11,1.36
2016-11-13,0,0.42,0.26,0.25,0.19,0.17,0.2,0.26,0.3,0.36,1.07,0.62,0.48,0.25,0.39,1.56,3.92,2.44,2.31,2.02,1.85,2.26,1.01,0.44,0.32
2016-11-19,1,0.52,0.19,0.19,0.2,0.16,0.21,0.31,0.37,1.48,0.48,0.23,0.17,0.19,0.67,0.2,0.23,1.84,1.55,1.23,2.06,0.98,0.9,0.76,0.3
2016-12-03,0,0.27,0.17,0.22,0.17,0.18,0.26,0.32,0.58,0.75,0.74,0.31,0.83,0.93,0.4,0.45,0.54,0.75,1.11,1.22,1.22,1.86,1.45,2.8,0.79
2016-12-04,1,0.7,0.43,0.21,0.18,0.16,0.21,0.22,0.36,0.51,0.2,1.06,0.22,0.25,0.16,0.18,0.34,0.62,0.67,0.54,0.83,1.19,1.52,1.18,2.89
2016-12-08,1,0.19,0.27,0.28,0.33,0.29,0.29,0.37,0.52,1.19,0.6,0.34,0.32,0.3,0.37,0.37,0.38,0.51,0.9,0.92,1.35,1.57,1.43,1.09,1.22
2016-12-09,1,0.22,0.24,0.27,0.36,0.41,0.28,0.37,0.37,1.07,0.16,0.2,0.16,0.21,0.22,0.24,0.19,0.28,1.29,1.29,1.29,1.0,1.16,1.5,1.29
2016-12-10,0,0.38,0.21,0.25,0.21,0.21,0.18,0.35,0.93,0.31,0.28,0.51,1.25,1.0,1.48,1.21,1.03,1.4,1.56,1.66,1.81,1.79,1.67,1.68,1.07
2016-12-14,1,0.6,0.18,0.23,0.22,0.24,0.28,0.38,0.72,0.88,0.32,0.23,0.17,0.18,0.18,0.2,0.19,0.23,0.36,0.32,0.34,1.41,1.85,1.56,0.75
2016-12-17,0,0.3,0.19,0.25,0.2,0.29,0.26,0.33,0.4,0.34,0.47,1.0,0.51,0.96,3.31,2.23,3.11,2.31,0.77,0.31,0.43,0.39,0.4,0.53,1.97
2016-12-18,0,1.16,0.16,0.21,0.25,0.24,0.21,0.36,0.37,0.31,0.4,0.77,0.42,0.27,0.31,0.19,0.36,1.43,1.54,3.04,2.42,2.24,2.32,1.67,2.0
2016-12-19,0,1.4,0.51,0.21,0.16,0.21,0.35,0.36,0.28,0.54,1.33,0.41,0.24,0.18,0.18,0.3,0.2,1.27,1.57,1.83,1.5,3.07,2.35,1.38,1.6
2016-12-20,0,1.32,0.66,0.21,0.17,0.21,0.26,0.34,0.26,0.28,0.64,0.65,0.92,0.98,1.1,1.16,0.97,0.82,1.03,2.96,1.51,1.52,1.73,2.91,2.21
2016-12-21,0,1.12,0.36,0.39,0.26,0.21,0.27,0.33,0.27,0.26,0.21,0.39,0.75,0.82,1.17,2.29,1.28,1.38,1.48,1.41,0.36,0.33,0.34,0.4,0.39
2016-12-22,0,0.48,0.7,0.52,0.5,0.25,0.25,0.37,0.28,0.25,0.33,1.14,1.19,0.42,0.16,0.22,0.23,0.57,1.37,1.53,0.56,0.34,0.6,1.28,1.02
2016-12-23,0,1.03,0.28,0.21,0.16,0.18,0.32,0.31,0.29,0.41,0.55,0.95,0.85,0.98,1.14,2.45,2.42,2.29,2.04,1.83,1.58,1.22,1.27,1.18,1.46
2016-12-25,0,1.47,0.57,0.29,0.19,0.25,0.24,0.38,0.44,0.41,0.79,0.97,2.56,2.34,1.73,2.05,2.76,2.82,2.35,2.33,1.95,1.82,1.9,1.63,1.2
2016-12-26,0,1.63,1.19,0.44,0.29,0.24,0.33,0.39,0.33,0.32,0.99,0.84,0.92,1.86,0.95,0.97,2.57,1.31,1.58,3.0,3.82,1.98,2.26,1.75,1.53
2016-12-27,0,0.82,0.79,0.34,0.22,0.23,0.31,0.35,0.33,0.33,0.26,0.46,1.75,1.46,1.59,0.94,1.45,1.95,1.43,1.41,1.44,1.1,0.88,0.76,0.51
2016-12-29,0,0.67,0.25,0.17,0.22,0.28,0.19,0.39,0.41,0.84,0.43,0.35,0.31,1.37,1.07,1.1,1.23,0.69,0.41,1.35,1.32,1.48,1.47,1.31,0.7
2017-01-01,0,0.42,0.37,0.28,0.31,0.32,0.27,0.31,0.35,0.35,0.27,0.74,0.57,0.85,1.05,1.21,2.16,1.48,1.93,2.33,2.23,1.86,1.75,1.3,1.04
2017-01-02,0,0.57,0.36,0.39,0.42,0.31,0.41,0.38,0.44,0.31,0.5,0.54,0.34,0.21,0.25,0.48,1.38,1.81,3.05,4.26,1.39,1.74,1.23,1.23,0.93
2017-01-03,0,0.27,0.42,0.32,0.35,0.28,0.35,0.43,0.55,0.92,0.64,0.96,0.51,0.23,0.22,0.48,0.52,0.48,1.52,1.24,2.03,1.36,1.48,1.67,0.53
2017-01-04,1,0.25,0.17,0.24,0.28,0.27,0.32,0.62,1.01,1.21,0.24,0.19,0.16,0.17,0.21,0.17,0.4,0.28,0.75,1.33,2.0,1.94,1.7,1.47,1.16
2017-01-10,1,0.74,0.29,0.17,0.29,0.24,0.24,0.47,1.74,0.69,0.56,0.17,0.18,0.16,0.3,0.28,0.19,0.24,0.63,1.03,1.17,1.36,1.33,1.32,1.07
2017-01-12,1,0.19,0.35,0.28,0.28,0.3,0.27,0.53,0.94,0.68,0.21,0.22,0.21,0.18,0.18,0.26,0.61,0.75,1.14,1.16,1.84,1.72,1.99,1.32,1.26
2017-01-15,0,1.28,0.76,0.32,0.21,0.23,0.23,0.25,0.43,0.45,1.08,0.49,1.14,0.74,1.02,0.34,1.72,0.76,2.18,2.14,1.71,1.95,2.0,1.37,0.79
2017-01-22,0,1.7,0.91,0.17,0.18,0.19,0.24,0.18,0.37,0.26,1.43,1.33,1.57,0.97,0.74,0.77,2.59,0.7,1.69,1.78,1.97,1.49,1.79,1.36,1.57
2017-01-24,1,0.22,0.24,0.19,0.19,0.23,0.27,0.32,0.72,1.13,0.21,0.22,0.18,0.26,0.16,0.18,0.19,0.25,0.29,0.32,1.21,1.67,1.63,1.47,1.53
2017-01-27,1,0.4,0.32,0.24,0.27,0.24,0.23,0.35,0.92,0.78,0.74,0.19,0.19,0.17,0.16,0.18,0.23,0.18,0.34,0.3,1.14,0.78,0.78,0.79,0.47
2017-01-28,1,0.19,0.22,0.17,0.17,0.18,0.23,0.27,0.33,0.31,0.39,0.59,0.7,0.21,0.2,0.55,1.31,0.28,0.37,1.23,1.28,1.51,2.06,0.78,0.35
2017-01-29,0,0.21,0.16,0.21,0.21,0.25,0.19,0.27,0.34,0.35,1.04,1.36,0.86,0.76,1.52,1.02,0.99,2.93,2.1,1.26,1.35,1.25,1.28,1.16,1.32
2017-01-30,0,0.49,0.27,0.17,0.18,0.22,0.26,0.32,0.77,0.81,0.49,0.82,0.59,0.73,0.22,0.98,1.03,0.65,1.64,1.11,2.31,1.74,2.97,1.81,1.2
2017-01-31,1,0.49,0.22,0.22,0.25,0.21,0.28,0.35,0.91,0.87,0.36,0.16,0.18,0.19,0.22,0.16,0.18,0.18,0.26,0.47,1.15,1.07,1.48,1.13,1.14
2017-02-05,1,0.35,0.17,0.24,0.23,0.24,0.26,0.28,0.3,1.17,0.63,0.38,0.36,0.27,0.19,0.4,0.86,0.9,1.08,1.25,1.55,1.14,1.5,0.81,0.59
2017-02-09,1,0.16,0.22,0.2,0.24,0.24,0.24,0.35,1.28,0.96,0.27,0.16,0.17,0.18,0.22,0.18,0.26,0.18,0.33,0.28,1.06,0.9,0.95,1.06,0.9
2017-02-13,0,0.26,0.24,0.35,0.26,0.31,0.27,0.28,0.29,0.29,0.54,0.26,0.2,0.22,0.34,0.32,0.45,1.32,1.72,1.71,2.33,1.75,2.56,1.11,1.15
2017-02-19,0,0.45,0.22,0.2,0.21,0.2,0.25,0.23,0.36,0.54,1.41,0.45,1.11,1.18,0.71,0.7,0.93,0.6,0.79,1.2,2.62,4.1,1.19,2.17,1.8
2017-02-20,0,0.24,0.21,0.17,0.19,0.25,0.18,0.36,0.93,0.98,0.94,0.84,0.64,1.02,0.94,0.78,0.5,0.38,1.3,1.18,1.68,1.07,1.16,1.3,1.09
2017-02-24,1,1.38,0.17,0.22,0.19,0.22,0.2,0.35,0.94,0.97,0.49,0.2,0.19,0.16,0.17,0.19,0.2,0.17,0.37,0.98,1.06,0.82,0.68,0.71,0.53
2017-02-26,0,0.29,0.31,0.23,0.3,0.29,0.28,0.3,0.35,0.76,0.45,0.22,0.74,0.55,0.19,0.43,0.34,0.97,1.75,1.33,1.7,1.06,1.15,1.32,1.15
2017-03-05,1,1.12,0.23,0.18,0.22,0.18,0.24,0.25,0.44,0.41,1.27,0.91,0.3,0.22,0.24,0.24,0.26,0.22,0.9,1.03,1.07,1.0,0.96,1.16,1.29
2017-03-19,1,1.0,0.34,0.19,0.19,0.21,0.16,0.27,0.5,0.47,1.0,0.42,0.21,0.2,0.51,0.23,0.19,0.16,0.2,0.45,0.96,1.93,1.09,1.0,0.67
2017-03-25,1,0.43,0.26,0.18,0.17,0.17,0.22,0.18,0.34,0.25,0.45,0.38,0.21,0.22,0.53,0.23,1.08,1.23,1.07,0.39,0.28,0.29,0.68,0.95,0.57
2017-03-26,0,0.35,0.39,0.21,0.25,0.19,0.2,0.23,0.44,0.43,0.53,1.87,1.33,0.53,0.82,0.88,1.87,1.69,1.87,2.0,1.2,1.43,1.58,1.93,1.57
2017-03-31,1,0.31,0.27,0.16,0.18,0.18,0.22,0.3,0.29,0.58,0.69,0.3,0.34,0.4,0.32,0.24,0.18,0.2,0.18,0.95,0.54,0.37,0.81,0.73,0.71
2017-04-05,0,1.15,0.16,0.3,0.16,0.19,0.2,0.27,0.55,0.45,0.49,1.0,0.39,1.02,1.32,1.59,0.65,1.92,1.11,1.14,2.17,1.39,0.77,1.42,0.68
2017-04-12,1,0.59,0.25,0.18,0.18,0.25,0.19,0.36,0.21,1.1,0.68,0.61,0.52,1.01,0.86,0.51,0.57,0.56,0.53,0.55,0.62,0.69,0.79,0.74,1.05
2017-04-14,0,0.24,0.2,0.19,0.16,0.17,0.23,0.28,0.41,0.99,0.56,0.38,0.19,0.32,0.64,1.32,1.27,1.18,1.48,1.53,1.61,1.53,1.78,1.77,1.33
2017-04-16,0,0.62,0.38,0.27,0.2,0.19,0.22,0.26,0.33,0.43,0.94,0.35,0.39,0.72,1.21,1.2,0.47,0.78,1.97,0.93,1.12,0.99,1.06,0.99,1.02
2017-04-17,1,0.68,0.23,0.23,0.18,0.17,0.17,0.32,0.28,0.21,0.78,0.34,0.24,0.44,0.51,0.18,0.17,0.29,0.51,0.59,0.57,2.19,2.34,1.42,0.5
2017-04-19,1,0.3,0.35,0.18,0.24,0.22,0.18,0.45,0.41,0.87,0.23,0.21,0.16,0.22,0.19,0.23,0.23,0.23,0.27,0.36,0.88,0.37,0.62,0.79,0.56
2017-04-22,1,0.4,0.48,0.43,0.39,0.46,0.25,0.28,0.24,0.49,0.7,0.5,0.41,0.85,0.83,0.47,0.31,0.34,0.84,0.59,0.4,0.27,0.95,0.7,0.7
2017-04-23,0,0.79,1.18,0.36,0.42,0.37,0.41,0.43,0.54,0.48,0.73,0.71,1.06,1.31,1.92,1.02,0.32,0.26,1.38,1.78,1.29,0.92,0.83,1.9,0.33
2017-04-30,1,1.25,0.28,0.17,0.17,0.21,0.17,0.18,0.38,0.22,0.43,0.36,0.21,0.42,0.47,0.19,0.19,0.24,0.18,0.47,0.46,0.7,0.92,3.46,1.26
2017-05-07,0,0.27,0.17,0.17,0.28,0.21,0.22,0.23,0.37,0.4,0.29,0.17,0.54,0.18,0.69,0.27,0.74,2.06,1.75,1.51,1.39,0.92,1.12,1.16,2.88
2017-05-14,0,0.18,0.22,0.16,0.18,0.21,0.16,0.24,0.34,0.43,1.0,0.83,0.56,0.87,0.99,0.4,1.64,0.56,1.19,0.93,0.43,0.79,0.93,0.66,0.59
2017-05-15,0,0.37,0.17,0.29,0.24,0.18,0.19,0.36,0.64,0.75,0.27,0.2,0.16,0.17,0.28,0.63,0.48,1.48,2.88,1.89,1.31,1.0,2.15,2.16,1.9
2017-06-16,1,0.27,0.2,0.23,0.16,0.19,0.19,0.33,0.42,0.69,0.25,0.24,0.17,0.23,0.21,0.28,0.16,0.18,0.2,0.21,0.2,0.4,1.45,2.13,1.18
2017-06-17,1,0.38,0.22,0.17,0.22,0.21,0.19,0.18,0.29,1.97,1.24,0.19,0.21,0.19,0.23,0.26,0.21,0.18,0.54,1.23,0.99,0.61,0.46,0.52,0.45
2017-06-18,0,0.2,0.24,0.23,0.22,0.2,0.33,0.28,0.23,0.41,0.55,0.25,0.22,1.09,1.54,1.58,0.62,1.22,2.12,0.63,0.74,1.83,0.93,1.24,0.39
2017-06-21,1,0.38,0.2,0.17,0.19,0.19,0.23,0.38,0.77,0.37,0.19,0.2,0.28,0.19,0.18,0.18,0.21,0.18,0.21,0.18,0.2,0.16,0.31,0.66,0.71
2017-06-24,1,0.47,0.29,0.2,0.21,0.2,0.17,0.23,0.38,0.18,0.23,0.2,0.45,0.33,0.8,1.19,0.23,0.16,0.93,0.32,0.71,0.66,0.57,0.57,0.68
2017-06-25,0,0.65,0.31,0.18,0.2,0.24,0.19,0.18,0.21,0.36,0.52,0.43,1.42,1.44,0.44,0.5,1.29,0.36,0.43,1.18,0.94,0.64,0.94,1.8,0.72
2017-07-01,1,0.47,0.64,0.2,0.2,0.16,0.24,0.17,0.24,0.39,0.26,0.2,0.22,1.39,2.67,2.18,0.54,0.36,0.28,0.61,0.23,0.16,0.35,0.42,0.37
2017-07-02,1,0.25,0.25,0.19,0.24,0.26,0.17,0.26,0.23,0.2,0.24,0.4,0.27,1.31,0.68,0.55,0.41,0.29,0.72,1.15,0.45,0.51,0.88,0.48,0.47
2017-07-03,1,0.38,0.21,0.21,0.18,0.32,0.2,0.24,0.16,0.2,0.49,0.44,1.37,0.82,0.71,0.37,0.41,0.18,1.3,0.34,0.28,0.33,0.39,0.57,0.48
2017-07-06,1,1.57,0.21,0.26,0.18,0.23,0.31,0.33,0.38,0.52,0.18,0.23,0.16,0.18,0.2,0.22,0.17,0.18,0.24,0.18,0.25,0.31,0.38,0.88,0.71
2017-07-08,1,0.34,0.19,0.18,0.19,0.23,0.16,0.19,0.19,0.31,0.22,0.28,0.23,0.18,0.66,0.17,0.29,0.17,0.19,0.52,0.3,0.2,0.18,0.21,0.29
2017-07-09,1,0.34,0.23,0.22,0.25,0.17,0.26,0.23,0.23,0.18,0.42,0.37,0.17,0.7,1.9,0.31,0.2,0.2,0.31,0.26,0.18,0.2,0.35,0.53,0.64
2017-07-11,1,1.7,0.24,0.19,0.21,0.16,0.22,0.2,0.67,0.45,0.27,0.17,0.22,0.18,0.18,0.17,0.21,0.21,0.16,0.2,1.1,0.87,0.38,0.67,0.35
2017-07-14,1,0.3,0.17,0.21,0.21,0.2,0.16,0.22,0.33,0.61,0.22,0.19,0.18,0.22,0.16,0.18,0.18,0.22,0.18,0.17,0.33,0.22,0.2,0.32,0.4
2017-07-15,0,0.18,0.24,0.22,0.26,0.18,0.23,0.22,0.25,0.2,0.46,0.26,0.39,0.43,0.17,0.26,0.43,2.69,3.06,0.97,0.55,0.27,0.22,0.49,0.84
2017-07-16,1,1.14,0.21,0.22,0.22,0.16,0.22,0.24,0.45,0.23,0.27,0.47,0.17,0.26,1.19,1.14,0.65,0.21,0.3,0.25,0.26,0.91,0.82,1.57,0.89
2017-07-19,1,0.62,0.22,0.16,0.23,0.21,0.19,0.17,0.23,0.4,0.37,0.19,0.23,0.16,0.18,0.19,0.23,0.19,0.18,0.2,0.21,0.45,0.77,0.69,0.55
2017-07-20,1,0.58,0.33,0.21,0.17,0.22,0.2,0.23,0.2,0.28,0.42,0.23,0.79,0.41,0.17,0.19,0.43,1.06,1.29,0.93,0.39,0.4,1.49,0.89,0.72
2017-07-21,1,0.53,0.34,0.24,0.3,0.2,0.31,0.31,0.26,0.23,0.49,0.28,0.39,1.35,0.41,0.2,0.28,0.28,1.57,0.4,0.74,0.38,0.36,0.66,0.64
2017-07-22,1,0.55,0.35,0.23,0.23,0.26,0.22,0.22,0.2,0.26,0.36,0.54,0.36,0.21,0.81,0.27,0.34,0.45,0.64,0.62,0.91,0.72,0.59,0.55,0.59
2017-07-23,0,0.5,0.27,0.3,0.31,0.24,0.23,0.27,0.26,0.57,0.3,1.08,0.55,0.97,0.42,0.6,0.6,0.44,0.89,2.07,0.47,0.67,0.91,1.04,1.04
2017-07-25,0,0.24,0.3,0.2,0.24,0.25,0.24,0.26,0.31,0.21,0.43,0.96,0.77,0.25,0.5,0.26,0.45,1.06,1.61,0.73,0.96,1.66,2.85,1.94,1.66
2017-07-29,1,0.38,0.25,0.22,0.25,0.27,0.22,0.23,0.24,0.47,0.4,0.18,0.19,0.32,0.68,0.72,0.82,0.73,0.94,0.57,0.2,0.24,0.24,0.27,0.23
2017-07-30,1,0.22,0.26,0.26,0.26,0.21,0.26,0.25,0.27,0.2,0.24,0.4,0.28,0.17,0.43,0.36,0.32,0.28,0.5,0.66,0.65,0.92,0.69,0.62,0.34
2017-07-31,1,0.29,0.25,0.23,0.31,0.19,0.28,0.31,0.31,0.25,0.44,0.33,0.42,0.26,0.34,0.21,0.25,0.21,0.37,1.6,0.88,0.87,0.9,1.47,1.02
2017-08-03,1,0.35,0.3,0.27,0.34,0.21,0.28,0.29,0.34,0.5,0.4,0.25,0.17,0.2,0.23,0.18,0.21,0.22,0.17,0.3,0.23,0.26,0.56,1.9,1.23
2017-08-05,0,0.32,0.19,0.26,0.25,0.2,0.29,0.17,0.38,0.2,0.42,0.18,0.85,1.45,2.06,1.3,0.64,0.37,1.35,2.19,0.38,0.35,0.77,0.32,0.31
2017-08-06,1,0.24,0.23,0.28,0.22,0.23,0.36,0.32,0.34,0.26,0.26,0.29,1.15,0.64,0.43,0.17,0.31,0.18,0.43,1.7,1.2,0.7,0.56,0.99,0.77
2017-08-07,1,0.45,0.2,0.26,0.38,0.21,0.25,0.19,0.21,0.27,0.2,0.83,1.58,0.26,0.2,0.22,0.58,0.82,0.93,0.78,0.46,0.41,1.09,0.97,0.51
2017-08-10,1,0.26,0.27,0.3,0.21,0.23,0.27,0.23,0.2,0.45,0.42,0.19,0.42,0.25,0.22,0.21,0.28,0.75,0.8,0.5,0.26,0.25,1.19,1.16,0.8
2017-08-11,1,0.27,0.3,0.24,0.21,0.29,0.19,0.42,0.5,0.54,0.25,0.26,0.17,0.21,0.26,0.19,0.2,0.25,0.22,0.2,0.37,0.38,0.37,0.37,0.7
2017-08-12,1,0.41,0.27,0.32,0.22,0.23,0.28,0.22,0.21,0.47,0.47,0.38,0.35,0.23,0.46,0.23,0.36,0.21,0.24,0.37,1.38,1.05,0.96,1.03,1.06
2017-08-14,1,0.7,0.26,0.22,0.23,0.19,0.28,0.34,0.28,0.4,0.76,0.3,0.24,0.19,0.16,0.35,0.16,0.24,0.36,0.24,0.2,0.36,0.76,0.92,0.88
2017-08-19,1,0.17,0.22,0.22,0.18,0.18,0.23,0.17,0.3,0.34,0.31,0.2,0.23,0.56,0.28,0.31,0.2,0.22,0.25,0.29,0.72,0.33,0.22,0.65,0.65
2017-08-20,1,0.29,0.23,0.23,0.29,0.23,0.31,0.16,0.36,0.22,0.42,0.5,0.39,0.31,0.29,0.22,0.24,0.29,0.56,1.2,1.9,0.83,0.7,0.92,0.79
2017-08-21,0,0.4,0.23,0.29,0.3,0.21,0.3,0.2,0.3,0.26,0.43,0.49,0.41,1.44,0.35,1.77,0.75,0.24,0.7,1.27,2.42,1.7,0.86,0.92,0.92
2017-08-24,1,0.23,0.26,0.18,0.28,0.17,0.25,0.5,0.5,0.57,0.33,0.2,0.2,0.16,0.2,0.26,0.27,0.16,0.2,0.21,1.31,1.3,1.11,1.15,1.21
2017-08-28,1,0.3,0.2,0.28,0.27,0.33,0.17,0.45,0.17,0.4,0.28,0.53,0.3,0.23,0.19,0.29,1.01,1.28,1.02,1.33,0.69,0.57,1.0,1.22,0.99
2017-08-29,1,1.18,0.24,0.25,0.27,0.22,0.35,0.32,0.42,2.2,0.25,0.22,0.23,0.18,0.24,0.21,0.2,0.25,0.2,0.44,0.68,0.83,1.75,1.11,0.69
2017-08-31,1,1.82,0.2,0.32,0.18,0.29,0.27,0.34,0.44,0.71,0.28,0.22,0.22,0.19,0.24,0.16,0.26,0.18,0.27,1.29,0.75,0.39,0.43,0.75,0.62
2017-09-03,1,0.27,0.2,0.25,0.23,0.22,0.26,0.2,0.28,0.2,0.52,0.21,0.31,0.2,0.84,1.1,0.94,2.28,0.42,0.29,0.21,0.31,0.36,0.38,0.18
2017-09-04,0,0.31,0.17,0.3,0.2,0.27,0.23,0.2,0.25,0.37,0.39,0.24,0.31,0.38,0.73,0.47,0.51,0.64,0.78,2.33,1.05,3.11,2.7,1.04,0.6
2017-09-05,1,0.24,0.27,0.3,0.2,0.33,0.21,0.27,0.44,0.53,0.28,0.63,0.56,0.42,0.39,0.69,1.23,1.14,0.42,0.71,0.61,1.51,1.59,1.18,1.4
2017-09-06,1,0.78,0.29,0.3,0.19,0.32,0.28,0.32,0.49,0.54,0.37,0.25,0.22,0.21,0.25,0.5,0.23,0.28,0.27,0.22,0.94,1.05,0.51,1.3,1.2
2017-09-07,1,0.43,0.31,0.33,0.17,0.33,0.26,0.26,0.67,0.34,0.41,0.2,0.27,0.21,0.26,0.37,0.26,0.22,0.41,0.45,2.56,0.89,1.7,0.91,0.62
2017-09-09,0,0.25,0.22,0.26,0.32,0.29,0.19,0.25,0.24,0.21,0.43,0.53,0.46,0.52,1.13,0.75,1.09,0.88,0.93,1.14,1.56,1.73,1.77,1.35,0.99
2017-09-10,0,0.76,0.23,0.19,0.24,0.23,0.21,0.19,0.19,0.22,0.87,1.53,1.43,1.59,0.84,0.39,1.33,0.37,0.26,0.3,0.34,0.87,0.77,0.94,1.97
2017-09-18,1,0.32,0.22,0.29,0.2,0.21,0.21,0.38,0.66,0.6,0.48,0.18,0.18,0.22,0.18,0.18,0.17,0.22,0.2,0.42,0.92,1.12,0.84,0.71,0.59
2017-09-19,1,0.22,0.29,0.18,0.19,0.18,0.24,0.36,0.78,0.75,0.32,0.17,0.18,0.19,0.21,0.2,0.16,0.19,0.24,0.34,0.74,1.24,1.31,1.07,0.78
2017-09-23,1,0.24,0.24,0.18,0.27,0.21,0.18,0.19,0.4,0.76,0.42,1.12,0.31,0.18,0.23,0.42,0.16,0.21,0.37,0.72,0.45,0.63,1.06,1.0,2.03
2017-09-24,0,0.31,0.21,0.19,0.18,0.22,0.19,0.22,0.33,0.27,0.57,1.35,0.54,0.86,0.71,0.25,0.32,0.29,0.97,2.11,1.59,1.8,1.0,0.93,1.22
2017-09-25,1,0.25,0.2,0.23,0.17,0.19,0.19,0.22,0.65,0.59,0.37,0.25,0.19,0.22,0.18,0.17,0.18,0.23,0.18,0.39,0.96,1.01,1.06,1.0,0.69
2017-09-26,1,0.3,0.2,0.21,0.17,0.32,0.19,0.36,0.63,0.73,0.24,0.21,0.2,0.17,0.18,0.19,0.23,0.19,0.21,0.21,0.37,0.41,0.84,1.01,0.86
2017-09-29,1,0.24,0.22,0.22,0.16,0.24,0.21,0.39,0.67,1.02,0.69,0.18,0.24,0.17,0.2,0.2,0.26,0.25,0.21,0.55,1.86,0.46,0.41,0.38,0.31
2017-09-30,0,0.2,0.22,0.23,0.26,0.17,0.27,0.23,0.5,0.4,0.64,1.16,1.47,1.61,1.3,1.64,0.4,0.19,0.21,1.62,2.63,2.68,1.58,0.88,0.26
2017-10-01,0,0.32,0.23,0.23,0.27,0.22,0.22,0.25,0.35,0.36,0.44,1.5,0.22,0.24,0.24,0.17,1.24,1.77,2.02,2.42,2.13,1.48,1.59,1.22,0.89
2017-10-07,0,0.25,0.18,0.21,0.24,0.16,0.21,0.25,0.38,0.63,0.32,0.28,0.3,0.3,0.5,1.5,0.62,1.46,2.3,1.82,1.48,1.4,1.46,1.19,0.55
2017-10-08,0,0.22,0.22,0.24,0.16,0.24,0.23,0.22,0.45,0.38,1.13,0.29,0.81,0.24,0.65,0.67,1.01,2.05,3.33,2.8,1.72,1.42,1.35,0.88,0.77
2017-10-09,0,0.43,0.22,0.3,0.23,0.3,0.26,0.36,0.34,0.74,0.36,0.87,0.38,0.19,0.24,0.17,0.57,0.42,0.98,2.02,1.54,1.6,1.62,1.49,0.93
2017-10-13,1,0.5,0.19,0.23,0.18,0.22,0.21,0.36,0.91,0.66,0.36,0.17,0.2,0.19,0.16,0.18,0.21,0.17,0.18,0.33,0.29,0.83,0.89,0.85,0.85
2017-10-14,0,1.86,0.19,0.2,0.16,0.23,0.19,0.26,0.35,0.34,0.79,1.84,1.77,0.31,0.27,0.87,2.67,0.52,1.29,0.93,0.54,0.56,0.7,1.03,0.68
2017-10-15,0,0.38,0.27,0.17,0.26,0.17,0.24,0.29,0.69,0.96,1.12,0.49,0.32,0.28,0.27,0.19,0.26,0.2,1.85,1.17,3.4,2.91,2.56,1.14,0.44
2017-10-17,1,0.45,0.23,0.24,0.18,0.2,0.23,0.37,1.01,1.31,0.34,0.18,0.17,0.2,0.22,0.16,0.19,0.17,0.23,0.25,1.05,2.32,1.21,2.15,1.29
2017-10-19,1,0.21,0.21,0.19,0.25,0.22,0.2,0.41,0.78,1.04,0.7,0.42,0.3,0.33,0.27,0.3,0.27,0.3,0.33,0.49,1.17,1.27,1.24,1.47,1.34
2017-10-21,1,0.18,0.23,0.19,0.17,0.18,0.23,0.27,0.36,0.29,0.65,0.5,0.38,0.32,0.35,0.41,1.06,0.71,1.08,1.53,1.37,1.04,0.87,1.11,1.0
2017-10-22,0,0.47,0.16,0.33,0.18,0.24,0.18,0.21,0.34,0.33,0.32,0.7,0.71,0.19,0.23,0.3,0.21,0.58,0.71,2.22,1.3,1.32,1.43,1.13,1.15
2017-10-27,1,0.54,0.2,0.19,0.25,0.19,0.23,0.28,0.35,0.95,0.48,0.28,0.16,0.19,0.22,0.18,0.17,0.21,0.21,0.17,0.17,0.22,1.22,1.95,1.14
2017-11-03,1,0.25,0.2,0.18,0.21,0.16,0.35,0.35,0.45,0.8,0.5,0.18,0.16,0.18,0.2,0.24,0.17,0.21,0.28,0.37,0.53,1.25,0.91,0.99,0.78
2017-11-04,1,0.27,0.23,0.17,0.17,0.32,0.2,0.35,0.36,0.36,0.53,0.35,0.25,0.3,0.3,0.24,0.29,0.71,0.63,0.95,2.1,1.92,1.3,1.33,0.97
2017-11-07,1,0.26,0.27,0.2,0.21,0.28,0.32,0.48,0.88,0.7,0.22,0.2,0.16,0.17,0.2,0.18,0.2,0.2,1.4,1.97,1.05,1.06,0.87,1.17,0.69
2017-11-08,1,0.23,0.21,0.18,0.21,0.18,0.33,0.34,0.92,0.74,0.81,0.18,0.2,0.16,0.19,0.17,0.21,0.18,0.38,0.23,0.81,1.41,1.14,1.15,0.96
2017-11-10,1,0.33,0.16,0.22,0.19,0.18,0.27,0.33,0.79,0.81,0.35,0.21,0.19,0.18,0.18,0.28,0.18,0.21,0.2,0.55,0.55,0.57,0.57,0.78,0.78
2017-11-11,0,0.67,0.23,0.17,0.23,0.17,0.17,0.28,0.35,0.21,0.54,0.54,0.26,0.2,0.26,0.24,0.3,0.37,2.04,2.97,3.13,1.33,2.05,1.18,1.14
2017-11-12,0,0.43,0.25,0.18,0.19,0.19,0.23,0.2,0.33,0.34,1.07,0.67,0.32,0.63,1.18,0.84,0.69,1.09,1.13,1.43,2.12,0.93,1.42,1.19,0.24
2017-11-14,0,0.18,0.2,0.22,0.19,0.17,0.26,0.43,0.77,0.52,0.5,0.49,0.53,0.67,0.97,0.69,0.87,2.45,2.06,1.07,0.99,1.37,1.15,0.51,0.54
2017-11-16,0,0.25,0.3,0.22,0.24,0.28,0.25,0.23,0.23,0.47,0.91,0.97,0.29,0.27,0.58,0.55,0.31,0.55,0.9,1.17,1.13,1.45,1.98,0.72,0.31
2017-11-19,0,0.33,0.38,0.45,0.41,0.4,0.39,0.5,0.56,0.46,0.83,1.41,0.78,0.4,0.9,0.58,0.57,1.01,2.08,2.59,1.42,2.2,1.52,1.3,0.55
2017-11-23,1,1.52,0.18,0.25,0.23,0.21,0.26,0.34,0.83,0.66,0.7,0.17,0.19,0.26,0.24,0.19,0.17,0.19,0.23,0.24,0.72,0.94,0.92,1.22,1.42
2017-11-25,0,0.65,0.16,0.21,0.2,0.19,0.28,0.24,0.32,0.29,0.7,0.8,0.24,0.19,1.02,1.24,1.59,2.79,3.29,2.13,1.81,1.27,1.41,1.14,0.52
2017-11-27,1,0.52,0.2,0.24,0.19,0.23,0.24,0.36,0.62,0.64,0.28,0.24,0.21,0.22,0.23,0.25,0.24,0.16,0.35,0.3,1.15,0.96,1.23,1.28,2.09
2017-11-29,1,1.01,0.31,0.24,0.16,0.25,0.24,0.42,0.59,1.04,0.41,0.18,0.18,0.19,0.16,0.2,0.23,0.18,1.22,1.62,1.6,2.18,1.81,2.02,0.46
2017-11-30,1,0.45,0.5,0.44,0.27,0.28,0.31,0.24,1.05,1.75,1.21,0.18,0.29,0.22,0.27,0.31,0.31,0.24,0.24,0.26,0.56,1.4,1.29,1.96,1.65
2017-12-01,1,0.39,0.4,0.28,0.2,0.24,0.27,0.22,0.26,1.15,0.79,0.18,0.22,0.28,0.89,0.3,0.25,0.28,0.36,0.39,0.39,0.4,0.38,0.45,0.71
2017-12-02,0,0.24,0.2,0.19,0.16,0.24,0.19,0.33,0.32,0.31,0.26,0.73,0.48,0.39,0.49,0.66,1.76,2.97,2.58,2.16,1.46,1.4,1.13,1.28,0.99
2017-12-07,1,0.88,0.25,0.18,0.22,0.27,0.22,0.38,0.72,1.22,0.33,0.26,0.2,0.18,0.18,0.2,0.22,0.19,0.32,0.38,0.23,0.33,0.71,1.37,1.39
2017-12-08,1,1.34,0.2,0.17,0.25,0.2,0.25,0.43,0.48,1.22,0.19,0.22,0.18,0.17,0.21,0.21,0.21,0.22,0.35,0.29,0.31,0.31,0.23,0.29,0.58
2017-12-09,1,0.37,0.37,0.35,0.29,0.3,0.25,0.3,0.42,0.61,0.51,0.37,0.33,0.25,0.27,0.29,0.43,1.15,1.52,0.94,0.49,0.57,0.49,0.91,0.63
2017-12-10,0,0.31,0.25,0.21,0.18,0.27,0.23,0.23,0.35,0.39,0.63,0.31,1.23,1.46,1.46,1.39,0.21,1.12,2.09,1.97,1.57,2.15,2.93,2.96,0.73
2017-12-11,1,0.39,0.29,0.32,0.3,0.31,0.32,0.27,0.5,0.93,0.32,0.22,0.17,0.26,0.16,0.31,0.23,0.21,0.21,0.29,1.45,1.7,1.35,1.41,1.73
2017-12-12,1,0.26,0.19,0.21,0.28,0.18,0.29,0.34,0.48,1.4,0.45,0.21,0.17,0.23,0.26,0.17,0.17,0.21,0.32,0.37,1.3,1.77,2.17,1.61,1.75
2017-12-13,1,0.53,0.16,0.21,0.26,0.21,0.29,0.32,0.56,0.6,0.65,0.18,0.22,0.34,0.27,0.29,0.24,0.21,0.38,0.27,0.33,0.29,0.27,0.39,0.78
2017-12-14,1,0.22,0.22,0.26,0.34,0.19,0.3,0.35,0.53,0.73,0.54,0.21,0.16,0.22,0.18,0.19,0.16,0.2,0.32,0.31,1.51,1.98,2.33,2.45,1.36
2017-12-16,0,1.01,0.81,0.59,0.7,0.46,0.21,0.28,0.3,0.49,0.93,0.42,0.69,0.78,2.25,1.64,1.27,0.82,1.49,1.82,1.47,0.53,0.55,1.21,0.87
2017-12-17,0,0.22,0.2,0.18,0.26,0.22,0.19,0.28,0.34,0.27,0.54,0.46,0.75,0.2,0.23,0.76,1.65,1.57,1.24,1.85,1.29,3.58,1.18,1.12,0.98
2017-12-18,0,0.25,0.29,0.25,0.19,0.23,0.26,0.36,0.24,0.25,0.47,0.8,1.04,0.55,0.34,0.92,0.6,1.31,1.46,2.14,0.64,0.59,1.01,1.21,0.88
2017-12-20,0,1.06,0.3,0.27,0.18,0.27,0.28,0.34,0.38,0.74,0.49,0.91,0.4,0.36,0.42,0.39,0.51,0.79,1.4,1.99,1.86,2.3,2.59,1.59,1.94
2017-12-21,0,1.28,1.11,0.44,0.17,0.18,0.28,0.31,0.26,0.3,0.39,0.98,0.27,0.2,0.24,0.24,0.38,2.22,1.69,1.43,1.46,1.57,1.39,1.39,1.26
2017-12-22,0,0.42,0.16,0.23,0.28,0.22,0.27,0.45,0.31,0.72,1.65,1.0,1.25,1.11,0.78,0.83,0.88,0.53,0.38,0.32,0.53,0.41,0.58,1.55,1.71
2017-12-23,0,0.75,0.36,0.4,0.54,0.46,0.26,0.26,0.47,0.31,0.59,0.44,0.79,0.39,0.29,0.34,1.42,1.48,1.97,1.73,1.37,1.64,1.75,5.31,2.2
2017-12-24,0,0.85,0.24,0.17,0.26,0.23,0.29,0.28,0.35,0.32,0.68,1.19,1.5,2.23,2.08,2.05,1.6,1.68,2.31,2.45,1.8,1.91,1.69,1.84,1.63
2017-12-25,0,0.62,0.55,0.3,0.26,0.35,0.28,0.37,0.4,1.24,0.68,1.46,1.93,2.17,2.32,2.29,4.66,4.01,3.52,2.16,2.06,2.06,1.82,1.44,0.93
2017-12-27,1,1.63,0.26,0.39,0.35,0.3,0.25,0.35,0.44,1.79,0.67,0.3,0.23,0.27,0.29,0.23,0.28,0.28,0.25,1.22,1.92,1.69,2.12,1.85,1.25
2017-12-28,0,0.2,0.2,0.23,0.22,0.27,0.23,0.33,1.06,1.25,1.58,0.24,0.28,0.26,0.25,0.38,0.78,1.27,2.18,1.97,2.01,1.79,1.67,1.03,0.43
2017-12-29,0,0.44,0.38,0.44,0.44,0.47,0.43,0.54,0.56,0.69,0.89,0.61,0.59,0.33,0.33,0.34,0.48,1.51,3.02,1.96,1.7,2.18,0.84,2.0,1.61
2017-12-30,0,1.15,0.28,0.2,0.16,0.24,0.25,0.23,0.37,0.44,0.74,1.56,0.61,0.91,0.82,1.23,1.71,2.82,1.25,0.69,0.99,1.29,1.15,1.09,0.79
2017-12-31,0,0.23,0.32,0.27,0.28,0.23,0.28,0.28,0.33,0.34,0.43,0.37,1.49,1.51,0.63,0.29,0.21,1.67,1.31,1.09,1.49,1.34,1.43,1.26,1.22
2018-01-01,0,1.27,0.62,0.35,0.22,0.3,0.36,0.49,0.31,0.3,0.63,0.44,0.8,0.21,0.19,0.23,0.22,1.71,2.55,2.55,1.75,3.04,1.66,2.19,1.55
2018-01-02,0,0.43,0.23,0.18,0.31,0.24,0.26,0.38,0.36,0.89,0.24,0.17,0.97,0.52,0.44,0.31,0.45,0.98,0.97,1.1,3.3,1.34,0.51,0.61,0.83
2018-01-03,1,1.07,0.23,0.2,0.21,0.24,0.31,0.32,0.55,1.11,0.5,0.18,0.19,0.19,0.18,0.2,0.26,0.22,0.53,1.49,1.26,1.66,2.4,1.66,1.17
2018-01-04,1,0.26,0.16,0.22,0.24,0.22,0.28,0.32,0.75,0.74,0.46,0.23,0.18,0.17,0.19,0.24,0.21,0.21,0.3,0.67,2.05,1.32,1.08,0.99,0.98
2018-01-06,0,0.24,0.18,0.2,0.22,0.18,0.21,0.25,0.37,0.34,0.54,0.4,0.32,0.2,0.76,0.91,0.72,0.82,2.0,1.47,1.21,1.05,1.34,1.35,1.24
2018-01-07,0,0.93,0.21,0.19,0.22,0.22,0.18,0.25,0.36,0.27,0.63,1.5,0.72,0.79,1.73,1.66,1.55,4.16,1.84,1.7,1.93,1.31,1.25,1.3,0.76
2018-01-10,1,0.4,0.27,0.2,0.19,0.28,0.24,0.32,0.42,1.0,0.39,0.22,0.18,0.17,0.2,0.23,0.26,0.16,0.32,0.4,1.41,1.28,2.54,1.51,1.99
2018-01-13,0,0.47,0.25,0.2,0.22,0.23,0.16,0.42,0.3,0.87,1.16,0.53,0.21,0.28,0.37,1.59,0.85,0.56,0.77,1.45,2.31,2.18,1.37,0.91,0.98
2018-01-14,0,0.8,0.25,0.25,0.16,0.2,0.21,0.22,0.32,0.3,0.46,0.62,0.39,0.31,0.2,0.21,0.3,1.14,1.14,1.53,1.44,0.95,1.52,1.14,1.01
2018-01-20,0,0.19,0.22,0.2,0.29,0.23,0.22,0.33,0.32,0.44,0.65,0.86,1.02,0.52,0.43,0.21,0.57,1.13,1.61,1.4,0.62,0.5,0.68,0.73,0.65
2018-01-21,0,0.44,0.29,0.2,0.22,0.23,0.24,0.22,0.37,0.38,0.56,0.7,0.25,0.31,0.2,0.25,0.42,1.15,1.29,1.3,2.77,2.19,1.44,1.1,2.18
2018-01-25,1,1.91,0.21,0.17,0.18,0.23,0.19,0.31,0.71,0.54,0.65,0.2,0.17,0.17,0.2,0.2,0.19,0.24,0.28,0.67,0.91,0.86,1.53,1.63,1.29
2018-01-27,1,0.21,0.21,0.24,0.18,0.28,0.23,0.23,0.34,0.32,0.61,0.66,0.42,0.46,0.28,0.6,0.36,0.52,0.84,0.45,0.44,0.52,0.44,0.88,0.92
2018-01-28,0,0.67,0.29,0.16,0.21,0.21,0.23,0.26,0.31,0.3,0.25,0.32,0.62,0.59,0.27,0.39,1.39,1.17,1.65,1.39,1.05,1.31,1.09,1.05,0.86
2018-01-29,1,0.38,0.2,0.18,0.18,0.2,0.22,0.29,0.29,0.87,0.62,0.64,0.19,0.18,0.2,0.18,0.21,0.2,0.29,0.54,1.29,1.25,1.57,1.31,1.36
